Date,Region,Product,Units Sold,Unit Price,Revenue,Cost,Profit,Payment Method,Salesperson,Invoice Number,Month
2023-10-07,North,Kids wear,126,39.27,4948.52,3634.19,1314.33,Cash,Alice,INV100000,2023-10
2023-02-18,South,Toys,120,59.2,7103.59,4635.74,2467.85,Online Payment,Charlie,INV100001,2023-02
2023-10-27,North,Kids wear,82,29.63,2430.01,1669.65,760.36,Credit Card,Alice,INV100002,2023-10
2023-07-26,South,Study products,153,29.23,4472.11,3496.42,975.69,Online Payment,Diana,INV100003,2023-07
2023-06-02,West,Study products,105,99.51,10448.39,8324.75,2123.64,Bank Transfer,Diana,INV100004,2023-06
2023-08-01,West,Electronic Gadgets,182,86.9,15816.47,11675.67,4140.8,Credit Card,Diana,INV100005,2023-08
2023-08-14,East,Study products,95,67.53,6415.38,5373.55,1041.83,Bank Transfer,Alice,INV100006,2023-08
2023-04-19,North,Toys,113,96.33,10885.55,6873.31,4012.24,Credit Card,Charlie,INV100007,2023-04
2023-02-20,South,Kids wear,97,22.73,2204.76,1891.34,313.42,Bank Transfer,Alice,INV100008,2023-02
2023-07-04,West,Study products,26,45.4,1180.4,909.31,271.09,Cash,Bob,INV100009,2023-07
2023-10-20,West,Toys,165,80.69,13313.65,8096.41,5217.24,Online Payment,Bob,INV100010,2023-10
2023-04-11,West,Electronic Gadgets,129,20.92,2698.74,1685.97,1012.77,Bank Transfer,Bob,INV100011,2023-04
2023-09-05,West,Electronic Gadgets,22,24.76,544.67,477.68,66.99,Credit Card,Diana,INV100012,2023-09
2023-02-23,East,Electronic Gadgets,148,80.72,11946.02,10469.91,1476.11,Credit Card,Charlie,INV100013,2023-02
2023-10-15,East,Kids wear,144,53.66,7727.66,5350.6,2377.06,Credit Card,Diana,INV100014,2023-10
2023-09-19,North,Toys,74,49.31,3648.73,2669.72,979.01,Credit Card,Diana,INV100015,2023-09
2023-12-30,East,Study products,21,83.06,1744.24,1272.33,471.91,Credit Card,Charlie,INV100016,2023-12
2023-08-21,North,Study products,34,65.61,2230.64,1418.11,812.53,Credit Card,Alice,INV100017,2023-08
2023-11-03,West,Toys,145,29.57,4287.45,2907.49,1379.96,Online Payment,Diana,INV100018,2023-11
2023-05-09,South,Electronic Gadgets,69,85.51,5900.48,4447.79,1452.69,Online Payment,Charlie,INV100019,2023-05
2023-11-21,South,Kids wear,71,64.72,4595.39,3667.51,927.88,Credit Card,Alice,INV100020,2023-11
2023-09-13,East,Toys,19,21.31,404.8,273.02,131.78,Credit Card,Bob,INV100021,2023-09
2023-04-11,South,Toys,160,51.91,8305.65,5547.73,2757.92,Online Payment,Bob,INV100022,2023-04
2023-05-19,North,Kids wear,177,51.31,9082.38,6232.49,2849.89,Online Payment,Bob,INV100023,2023-05
2023-01-05,East,Electronic Gadgets,64,23.13,1480.05,1164.15,315.9,Bank Transfer,Diana,INV100024,2023-01
2023-06-17,South,Toys,167,44.88,7494.36,4819.26,2675.1,Credit Card,Charlie,INV100025,2023-06
2023-01-21,South,Toys,104,57.14,5942.81,5121.72,821.09,Credit Card,Alice,INV100026,2023-01
2023-11-02,North,Kids wear,33,50.78,1675.85,1339.8,336.05,Online Payment,Alice,INV100027,2023-11
2023-08-25,East,Kids wear,103,40.19,4139.41,3155.56,983.85,Bank Transfer,Bob,INV100028,2023-08
2023-05-24,North,Toys,114,36.48,4158.87,2618.72,1540.15,Online Payment,Diana,INV100029,2023-05
2023-01-18,North,Study products,47,52.48,2466.51,1548.98,917.53,Online Payment,Diana,INV100030,2023-01
2023-03-29,West,Electronic Gadgets,128,64.78,8291.66,5807.82,2483.84,Online Payment,Bob,INV100031,2023-03
2023-11-10,South,Study products,143,58.91,8424.27,5481.14,2943.13,Online Payment,Charlie,INV100032,2023-11
2023-02-18,South,Electronic Gadgets,169,24.93,4213.82,3321.96,891.86,Bank Transfer,Alice,INV100033,2023-02
2023-05-04,North,Kids wear,57,37.43,2133.28,1698.96,434.32,Cash,Diana,INV100034,2023-05
2023-07-04,South,Toys,46,85.02,3911.05,3115.55,795.5,Bank Transfer,Alice,INV100035,2023-07
2023-06-04,North,Kids wear,42,26.13,1097.32,806.09,291.23,Online Payment,Bob,INV100036,2023-06
2023-08-29,East,Electronic Gadgets,182,38.87,7074.01,4711.71,2362.3,Bank Transfer,Charlie,INV100037,2023-08
2023-06-05,West,Kids wear,90,46.55,4189.25,3113.88,1075.37,Credit Card,Bob,INV100038,2023-06
2023-01-20,West,Study products,189,64.48,12187.11,9551.49,2635.62,Credit Card,Bob,INV100039,2023-01
2023-05-24,East,Toys,169,90.16,15237.75,10806.55,4431.2,Cash,Diana,INV100040,2023-05
2023-04-19,West,Electronic Gadgets,124,64.15,7954.36,5588.05,2366.31,Bank Transfer,Charlie,INV100041,2023-04
2023-10-14,West,Kids wear,80,93.05,7444.31,6206.77,1237.54,Online Payment,Bob,INV100042,2023-10
2023-10-01,North,Electronic Gadgets,67,66.09,4428.09,3914.72,513.37,Credit Card,Diana,INV100043,2023-10
2023-10-01,North,Study products,39,55.16,2151.08,1872.27,278.81,Cash,Diana,INV100044,2023-10
2023-02-08,West,Kids wear,179,20.16,3608.0,2297.89,1310.11,Online Payment,Bob,INV100045,2023-02
2023-01-20,North,Kids wear,35,90.54,3169.05,2008.64,1160.41,Credit Card,Bob,INV100046,2023-01
2023-02-21,East,Electronic Gadgets,185,52.1,9638.22,8337.82,1300.4,Online Payment,Bob,INV100047,2023-02
2023-06-04,South,Toys,174,72.06,12539.19,8074.5,4464.69,Cash,Diana,INV100048,2023-06
2023-05-17,East,Study products,193,92.87,17924.46,11087.63,6836.83,Bank Transfer,Charlie,INV100049,2023-05
2023-07-31,South,Electronic Gadgets,145,68.79,9974.67,8737.56,1237.11,Online Payment,Charlie,INV100050,2023-07
2023-03-31,South,Electronic Gadgets,44,59.73,2628.27,1598.98,1029.29,Cash,Charlie,INV100051,2023-03
2023-04-02,West,Kids wear,192,37.42,7184.91,4584.58,2600.33,Cash,Charlie,INV100052,2023-04
2023-08-23,West,Toys,41,89.28,3660.61,2542.04,1118.57,Cash,Bob,INV100053,2023-08
2023-04-25,South,Study products,170,86.75,14747.28,8851.48,5895.8,Online Payment,Alice,INV100054,2023-04
2023-09-13,South,Study products,36,25.96,934.5,662.4,272.1,Credit Card,Charlie,INV100055,2023-09
2023-09-29,North,Electronic Gadgets,94,61.47,5777.8,4987.77,790.03,Credit Card,Alice,INV100056,2023-09
2023-08-27,East,Study products,88,29.82,2624.21,1697.98,926.23,Online Payment,Charlie,INV100057,2023-08
2023-10-25,East,Electronic Gadgets,99,20.7,2049.11,1832.66,216.45,Credit Card,Bob,INV100058,2023-10
2023-04-29,West,Toys,96,98.5,9456.2,7837.98,1618.22,Online Payment,Diana,INV100059,2023-04
2023-07-03,South,Toys,12,70.76,849.14,663.54,185.6,Cash,Alice,INV100060,2023-07
2023-12-11,West,Study products,176,61.18,10768.35,6793.6,3974.75,Online Payment,Charlie,INV100061,2023-12
2023-03-29,West,Study products,50,83.62,4181.14,3519.22,661.92,Credit Card,Charlie,INV100062,2023-03
2023-03-22,East,Study products,185,27.57,5101.29,3159.63,1941.66,Credit Card,Diana,INV100063,2023-03
2023-12-03,East,Kids wear,51,61.85,3154.27,2426.59,727.68,Online Payment,Bob,INV100064,2023-12
2023-09-18,North,Kids wear,64,91.29,5842.57,5241.05,601.52,Credit Card,Bob,INV100065,2023-09
2023-10-25,North,Kids wear,52,89.9,4674.94,3174.27,1500.67,Online Payment,Alice,INV100066,2023-10
2023-08-02,South,Electronic Gadgets,175,46.3,8101.7,5108.45,2993.25,Credit Card,Diana,INV100067,2023-08
2023-06-15,North,Kids wear,96,53.58,5143.27,3514.44,1628.83,Credit Card,Charlie,INV100068,2023-06
2023-06-11,South,Study products,166,43.41,7206.31,6053.15,1153.16,Credit Card,Diana,INV100069,2023-06
2023-03-21,West,Kids wear,158,88.22,13938.96,11393.45,2545.51,Online Payment,Diana,INV100070,2023-03
2023-05-14,South,Electronic Gadgets,22,43.98,967.5,862.25,105.25,Bank Transfer,Alice,INV100071,2023-05
2023-10-15,West,Toys,95,44.98,4273.17,2689.7,1583.47,Cash,Charlie,INV100072,2023-10
2023-11-21,South,Kids wear,14,82.53,1155.41,1034.95,120.46,Cash,Bob,INV100073,2023-11
2023-07-12,West,Electronic Gadgets,65,31.58,2052.56,1732.82,319.74,Cash,Diana,INV100074,2023-07
2023-04-13,South,Kids wear,45,93.4,4203.18,3491.04,712.14,Credit Card,Diana,INV100075,2023-04
2023-03-14,East,Study products,177,28.73,5085.56,3850.39,1235.17,Online Payment,Bob,INV100076,2023-03
2023-12-29,South,Electronic Gadgets,128,47.85,6125.33,5369.53,755.8,Cash,Alice,INV100077,2023-12
2023-01-10,West,Toys,147,38.1,5600.9,3522.16,2078.74,Credit Card,Alice,INV100078,2023-01
2023-02-21,North,Electronic Gadgets,181,88.18,15960.49,12826.94,3133.55,Bank Transfer,Charlie,INV100079,2023-02
2023-09-27,North,Study products,157,62.48,9810.05,5994.65,3815.4,Cash,Charlie,INV100080,2023-09
2023-07-18,West,Kids wear,140,80.29,11241.16,9304.72,1936.44,Bank Transfer,Diana,INV100081,2023-07
2023-05-01,North,Kids wear,78,43.65,3405.02,2358.22,1046.8,Online Payment,Alice,INV100082,2023-05
2023-06-06,East,Study products,110,30.32,3335.51,2339.76,995.75,Online Payment,Diana,INV100083,2023-06
2023-05-24,East,Kids wear,23,63.35,1457.02,1004.74,452.28,Bank Transfer,Charlie,INV100084,2023-05
2023-09-24,West,Electronic Gadgets,27,64.76,1748.59,1476.11,272.48,Bank Transfer,Diana,INV100085,2023-09
2023-07-07,North,Study products,183,46.61,8530.54,5320.86,3209.68,Bank Transfer,Alice,INV100086,2023-07
2023-05-28,East,Toys,172,94.81,16307.58,12590.37,3717.21,Cash,Bob,INV100087,2023-05
2023-09-19,North,Study products,59,74.45,4392.74,3282.21,1110.53,Bank Transfer,Alice,INV100088,2023-09
2023-05-29,East,Study products,96,51.15,4910.05,3645.18,1264.87,Bank Transfer,Diana,INV100089,2023-05
2023-02-14,West,Study products,100,23.98,2398.45,1488.99,909.46,Cash,Diana,INV100090,2023-02
2023-07-08,East,Toys,116,46.04,5340.27,4411.54,928.73,Cash,Alice,INV100091,2023-07
2023-08-17,North,Electronic Gadgets,156,63.85,9959.91,6230.27,3729.64,Credit Card,Bob,INV100092,2023-08
2023-07-31,South,Study products,178,40.5,7209.29,5475.26,1734.03,Online Payment,Charlie,INV100093,2023-07
2023-04-12,North,Study products,191,75.08,14341.04,12512.35,1828.69,Cash,Charlie,INV100094,2023-04
2023-01-25,North,Electronic Gadgets,52,71.56,3721.23,2302.56,1418.67,Bank Transfer,Bob,INV100095,2023-01
2023-03-10,North,Electronic Gadgets,59,64.81,3824.08,2830.59,993.49,Credit Card,Alice,INV100096,2023-03
2023-02-04,North,Electronic Gadgets,41,57.72,2366.44,1502.89,863.55,Online Payment,Diana,INV100097,2023-02
2023-03-23,West,Kids wear,62,32.32,2003.79,1209.11,794.68,Credit Card,Charlie,INV100098,2023-03
2023-12-15,West,Study products,69,37.75,2604.93,2108.21,496.72,Online Payment,Bob,INV100099,2023-12
2023-12-13,North,Kids wear,159,83.19,13227.44,9645.12,3582.32,Cash,Diana,INV100100,2023-12
2023-09-10,West,Electronic Gadgets,166,76.02,12619.31,8875.17,3744.14,Cash,Bob,INV100101,2023-09
2023-01-06,East,Kids wear,98,63.39,6212.0,4496.93,1715.07,Cash,Diana,INV100102,2023-01
2023-11-24,East,Toys,29,91.94,2666.29,1703.56,962.73,Bank Transfer,Alice,INV100103,2023-11
2023-12-22,South,Electronic Gadgets,78,70.18,5473.97,4415.03,1058.94,Bank Transfer,Charlie,INV100104,2023-12
2023-10-12,North,Toys,75,50.71,3802.95,2765.86,1037.09,Bank Transfer,Charlie,INV100105,2023-10
2023-04-16,East,Kids wear,59,60.13,3547.76,2614.81,932.95,Cash,Diana,INV100106,2023-04
2023-06-03,East,Electronic Gadgets,183,72.15,13203.3,8441.94,4761.36,Cash,Bob,INV100107,2023-06
2023-09-02,North,Toys,132,35.59,4698.02,3170.21,1527.81,Cash,Charlie,INV100108,2023-09
2023-02-16,East,Kids wear,104,79.73,8292.24,5835.21,2457.03,Online Payment,Bob,INV100109,2023-02
2023-08-26,West,Study products,118,81.39,9603.97,7247.87,2356.1,Cash,Diana,INV100110,2023-08
2023-04-04,North,Toys,101,76.72,7748.25,4992.52,2755.73,Online Payment,Bob,INV100111,2023-04
2023-01-02,North,Electronic Gadgets,129,28.62,3692.3,3215.67,476.63,Cash,Alice,INV100112,2023-01
2023-02-17,West,Toys,167,75.28,12572.12,9891.79,2680.33,Cash,Diana,INV100113,2023-02
2023-10-15,East,Electronic Gadgets,185,57.19,10579.29,8702.97,1876.32,Bank Transfer,Diana,INV100114,2023-10
2023-11-11,North,Electronic Gadgets,47,59.76,2808.83,2014.62,794.21,Bank Transfer,Bob,INV100115,2023-11
2023-03-04,South,Study products,16,82.52,1320.32,867.35,452.97,Bank Transfer,Alice,INV100116,2023-03
2023-09-08,East,Kids wear,142,86.84,12330.89,9434.51,2896.38,Online Payment,Diana,INV100117,2023-09
2023-08-11,South,Study products,133,81.62,10855.47,9526.96,1328.51,Cash,Bob,INV100118,2023-08
2023-09-09,North,Kids wear,53,39.24,2079.76,1336.85,742.91,Credit Card,Bob,INV100119,2023-09
2023-06-10,East,Kids wear,51,59.95,3057.44,1975.12,1082.32,Online Payment,Alice,INV100120,2023-06
2023-04-27,East,Study products,109,71.24,7765.53,6304.7,1460.83,Bank Transfer,Bob,INV100121,2023-04
2023-09-27,South,Kids wear,132,64.88,8563.97,5687.19,2876.78,Bank Transfer,Bob,INV100122,2023-09
2023-06-12,East,Toys,182,61.31,11158.55,10025.94,1132.61,Online Payment,Charlie,INV100123,2023-06
2023-01-09,West,Toys,79,37.59,2969.22,1788.06,1181.16,Online Payment,Alice,INV100124,2023-01
2023-08-12,South,Study products,151,86.0,12986.18,10185.3,2800.88,Bank Transfer,Charlie,INV100125,2023-08
2023-01-25,North,Electronic Gadgets,161,29.19,4699.35,3145.74,1553.61,Credit Card,Alice,INV100126,2023-01
2023-08-28,West,Toys,37,76.33,2824.38,2097.08,727.3,Credit Card,Diana,INV100127,2023-08
2023-06-09,East,Electronic Gadgets,39,41.69,1625.72,1203.11,422.61,Bank Transfer,Bob,INV100128,2023-06
2023-03-23,East,Toys,173,28.04,4851.53,3686.0,1165.53,Online Payment,Alice,INV100129,2023-03
2023-07-25,East,Toys,107,81.73,8744.82,6304.85,2439.97,Cash,Bob,INV100130,2023-07
2023-03-16,North,Electronic Gadgets,170,38.69,6577.16,3993.29,2583.87,Bank Transfer,Diana,INV100131,2023-03
2023-10-27,North,Kids wear,155,90.31,13997.64,9649.2,4348.44,Credit Card,Bob,INV100132,2023-10
2023-05-17,East,Electronic Gadgets,30,24.51,735.2,448.45,286.75,Bank Transfer,Diana,INV100133,2023-05
2023-06-28,South,Electronic Gadgets,11,37.93,417.28,268.39,148.89,Credit Card,Diana,INV100134,2023-06
2023-07-07,East,Electronic Gadgets,62,67.99,4215.56,3504.36,711.2,Bank Transfer,Charlie,INV100135,2023-07
2023-11-04,South,Toys,35,37.63,1316.98,966.68,350.3,Credit Card,Bob,INV100136,2023-11
2023-08-20,West,Toys,122,24.2,2952.65,1914.33,1038.32,Credit Card,Bob,INV100137,2023-08
2023-02-05,East,Kids wear,90,66.77,6008.93,3836.11,2172.82,Online Payment,Bob,INV100138,2023-02
2023-09-11,East,Electronic Gadgets,142,47.39,6729.27,4111.34,2617.93,Cash,Charlie,INV100139,2023-09
2023-01-10,West,Toys,12,56.43,677.17,585.68,91.49,Cash,Bob,INV100140,2023-01
2023-01-08,West,Kids wear,96,39.28,3771.3,2438.06,1333.24,Cash,Diana,INV100141,2023-01
2023-05-07,South,Study products,193,98.94,19094.76,15301.61,3793.15,Credit Card,Alice,INV100142,2023-05
2023-06-26,North,Toys,85,29.9,2541.74,1855.68,686.06,Cash,Charlie,INV100143,2023-06
2023-04-01,East,Study products,83,25.66,2130.18,1881.38,248.8,Online Payment,Charlie,INV100144,2023-04
2023-07-28,West,Toys,149,88.31,13157.98,9273.53,3884.45,Credit Card,Bob,INV100145,2023-07
2023-03-21,East,Toys,159,77.85,12377.54,9987.92,2389.62,Online Payment,Charlie,INV100146,2023-03
2023-07-09,East,Kids wear,20,32.38,647.54,519.03,128.51,Credit Card,Alice,INV100147,2023-07
2023-05-09,West,Kids wear,114,68.76,7838.31,6785.42,1052.89,Online Payment,Bob,INV100148,2023-05
2023-03-22,South,Study products,47,22.98,1079.84,888.6,191.24,Cash,Bob,INV100149,2023-03
2023-09-10,North,Study products,160,48.39,7742.11,6050.08,1692.03,Bank Transfer,Diana,INV100150,2023-09
2023-04-27,North,Study products,47,78.92,3709.17,2371.22,1337.95,Online Payment,Diana,INV100151,2023-04
2023-03-18,West,Electronic Gadgets,12,45.51,546.13,417.21,128.92,Online Payment,Charlie,INV100152,2023-03
2023-12-06,South,Kids wear,171,90.36,15451.11,10322.31,5128.8,Cash,Bob,INV100153,2023-12
2023-05-06,West,Toys,119,39.45,4694.38,3254.2,1440.18,Cash,Charlie,INV100154,2023-05
2023-08-27,East,Study products,137,94.11,12892.47,10801.21,2091.26,Credit Card,Bob,INV100155,2023-08
2023-08-10,North,Kids wear,83,77.06,6395.97,5361.07,1034.9,Bank Transfer,Bob,INV100156,2023-08
2023-09-16,East,Electronic Gadgets,82,93.86,7696.8,4814.8,2882.0,Bank Transfer,Charlie,INV100157,2023-09
2023-12-26,East,Study products,55,38.8,2133.87,1419.46,714.41,Credit Card,Charlie,INV100158,2023-12
2023-06-02,South,Study products,173,56.1,9705.59,5839.86,3865.73,Online Payment,Diana,INV100159,2023-06
2023-08-07,South,Toys,104,65.33,6794.46,4941.68,1852.78,Cash,Bob,INV100160,2023-08
2023-04-18,North,Toys,199,33.35,6635.91,4667.4,1968.51,Credit Card,Diana,INV100161,2023-04
2023-08-22,West,Toys,80,40.48,3238.4,2503.41,734.99,Bank Transfer,Alice,INV100162,2023-08
2023-10-15,West,Kids wear,173,22.38,3871.12,2587.46,1283.66,Bank Transfer,Diana,INV100163,2023-10
2023-04-13,South,Kids wear,51,49.09,2503.55,1559.67,943.88,Bank Transfer,Bob,INV100164,2023-04
2023-08-02,South,Study products,79,72.93,5761.85,3828.58,1933.27,Bank Transfer,Bob,INV100165,2023-08
2023-12-10,West,Toys,71,90.94,6456.87,4750.39,1706.48,Cash,Charlie,INV100166,2023-12
2023-09-22,West,Study products,50,75.04,3751.88,2605.59,1146.29,Bank Transfer,Diana,INV100167,2023-09
2023-03-11,South,Kids wear,117,27.67,3237.88,2525.59,712.29,Online Payment,Charlie,INV100168,2023-03
2023-03-30,East,Study products,172,93.63,16104.54,12631.22,3473.32,Cash,Bob,INV100169,2023-03
2023-05-18,South,Study products,72,35.61,2563.99,1651.45,912.54,Cash,Diana,INV100170,2023-05
2023-12-07,North,Study products,145,98.11,14225.32,11928.75,2296.57,Credit Card,Alice,INV100171,2023-12
2023-03-09,North,Study products,25,33.55,838.76,742.56,96.2,Online Payment,Charlie,INV100172,2023-03
2023-10-24,West,Kids wear,158,96.19,15198.67,13403.25,1795.42,Bank Transfer,Alice,INV100173,2023-10
2023-01-10,South,Kids wear,167,32.22,5380.9,4196.35,1184.55,Bank Transfer,Diana,INV100174,2023-01
2023-08-05,South,Kids wear,77,46.37,3570.53,2314.26,1256.27,Credit Card,Diana,INV100175,2023-08
2023-10-24,East,Toys,148,49.71,7357.17,4436.56,2920.61,Bank Transfer,Alice,INV100176,2023-10
2023-10-27,East,Toys,76,34.58,2628.2,1816.3,811.9,Cash,Charlie,INV100177,2023-10
2023-06-22,North,Toys,76,81.91,6225.26,5203.42,1021.84,Online Payment,Alice,INV100178,2023-06
2023-09-25,South,Study products,108,41.08,4436.98,3978.99,457.99,Cash,Charlie,INV100179,2023-09
2023-04-18,East,Study products,26,87.62,2278.01,1884.21,393.8,Cash,Bob,INV100180,2023-04
2023-02-12,East,Toys,192,59.92,11503.68,7609.64,3894.04,Bank Transfer,Diana,INV100181,2023-02
2023-11-09,West,Kids wear,19,28.91,549.29,364.59,184.7,Cash,Charlie,INV100182,2023-11
2023-08-04,West,Toys,82,55.29,4533.41,3162.81,1370.6,Cash,Diana,INV100183,2023-08
2023-07-26,South,Kids wear,68,44.27,3010.62,2493.19,517.43,Bank Transfer,Diana,INV100184,2023-07
2023-03-07,South,Kids wear,191,26.3,5023.36,4148.14,875.22,Credit Card,Alice,INV100185,2023-03
2023-10-30,West,Electronic Gadgets,146,96.21,14046.54,8449.17,5597.37,Credit Card,Bob,INV100186,2023-10
2023-05-18,South,Kids wear,14,49.11,687.51,427.94,259.57,Cash,Bob,INV100187,2023-05
2023-01-26,South,Toys,39,31.79,1239.82,1061.5,178.32,Credit Card,Charlie,INV100188,2023-01
2023-10-16,East,Study products,134,23.1,3094.82,2677.27,417.55,Online Payment,Charlie,INV100189,2023-10
2023-05-29,East,Study products,131,89.15,11678.38,8518.75,3159.63,Online Payment,Diana,INV100190,2023-05
2023-03-21,West,Toys,36,43.13,1552.77,1196.21,356.56,Online Payment,Charlie,INV100191,2023-03
2023-09-05,East,Electronic Gadgets,100,78.5,7850.23,6162.92,1687.31,Credit Card,Diana,INV100192,2023-09
2023-08-25,South,Kids wear,16,95.54,1528.63,1350.23,178.4,Cash,Bob,INV100193,2023-08
2023-07-27,West,Toys,68,37.33,2538.31,2094.07,444.24,Online Payment,Charlie,INV100194,2023-07
2023-12-23,North,Electronic Gadgets,132,30.31,4001.4,3258.29,743.11,Bank Transfer,Bob,INV100195,2023-12
2023-02-06,East,Kids wear,86,52.55,4519.49,2901.17,1618.32,Cash,Diana,INV100196,2023-02
2023-01-31,East,Study products,48,41.6,1996.95,1335.62,661.33,Bank Transfer,Diana,INV100197,2023-01
2023-02-08,South,Study products,192,68.65,13179.85,10428.13,2751.72,Cash,Charlie,INV100198,2023-02
2023-12-07,East,Toys,155,92.32,14309.24,10100.49,4208.75,Online Payment,Charlie,INV100199,2023-12
2023-05-31,South,Study products,36,39.02,1404.88,1217.2,187.68,Online Payment,Alice,INV100200,2023-05
2023-03-30,West,Kids wear,158,57.38,9066.56,7234.89,1831.67,Cash,Alice,INV100201,2023-03
2023-02-01,East,Study products,48,45.46,2181.92,1747.67,434.25,Online Payment,Alice,INV100202,2023-02
2023-01-31,East,Electronic Gadgets,54,99.31,5362.68,4398.43,964.25,Bank Transfer,Bob,INV100203,2023-01
2023-12-18,South,Kids wear,93,72.81,6771.14,4836.47,1934.67,Credit Card,Alice,INV100204,2023-12
2023-02-04,South,Study products,43,91.32,3926.92,3061.02,865.9,Online Payment,Charlie,INV100205,2023-02
2023-01-25,South,Toys,56,58.85,3295.75,2342.32,953.43,Online Payment,Bob,INV100206,2023-01
2023-07-20,South,Study products,83,70.48,5849.8,3800.06,2049.74,Online Payment,Alice,INV100207,2023-07
2023-03-31,North,Study products,92,58.13,5348.14,3335.59,2012.55,Credit Card,Bob,INV100208,2023-03
2023-05-28,South,Electronic Gadgets,83,31.85,2643.25,2057.06,586.19,Bank Transfer,Bob,INV100209,2023-05
2023-03-27,West,Kids wear,165,60.33,9954.31,6068.76,3885.55,Online Payment,Bob,INV100210,2023-03
2023-10-08,East,Kids wear,128,77.97,9979.98,7760.25,2219.73,Cash,Diana,INV100211,2023-10
2023-11-04,South,Study products,43,49.92,2146.59,1815.83,330.76,Credit Card,Diana,INV100212,2023-11
2023-04-04,East,Study products,102,95.75,9766.17,8565.91,1200.26,Online Payment,Charlie,INV100213,2023-04
2023-05-12,West,Kids wear,198,89.96,17812.44,11854.13,5958.31,Cash,Bob,INV100214,2023-05
2023-11-27,West,Study products,147,80.84,11883.88,9156.26,2727.62,Cash,Bob,INV100215,2023-11
2023-03-12,North,Kids wear,110,67.83,7461.83,5313.24,2148.59,Online Payment,Diana,INV100216,2023-03
2023-08-10,West,Kids wear,114,97.68,11135.62,7193.8,3941.82,Cash,Diana,INV100217,2023-08
2023-01-19,North,Electronic Gadgets,121,34.86,4217.49,3193.98,1023.51,Credit Card,Charlie,INV100218,2023-01
2023-04-01,East,Toys,154,70.68,10884.5,7120.99,3763.51,Credit Card,Alice,INV100219,2023-04
2023-02-26,West,Toys,197,98.8,19463.82,16867.14,2596.68,Bank Transfer,Bob,INV100220,2023-02
2023-07-24,South,Kids wear,56,46.81,2621.18,2274.72,346.46,Cash,Diana,INV100221,2023-07
2023-05-09,East,Toys,141,97.1,13690.58,9596.17,4094.41,Credit Card,Charlie,INV100222,2023-05
2023-12-12,South,Electronic Gadgets,49,91.77,4496.5,2833.94,1662.56,Credit Card,Alice,INV100223,2023-12
2023-03-20,North,Electronic Gadgets,35,80.92,2832.15,2503.06,329.09,Bank Transfer,Alice,INV100224,2023-03
2023-02-09,West,Toys,168,57.9,9727.83,7139.87,2587.96,Online Payment,Bob,INV100225,2023-02
2023-12-01,West,Kids wear,82,25.93,2126.15,1600.82,525.33,Online Payment,Diana,INV100226,2023-12
2023-03-16,West,Toys,137,44.66,6118.91,5374.73,744.18,Bank Transfer,Alice,INV100227,2023-03
2023-12-10,West,Toys,97,42.31,4104.02,2748.93,1355.09,Credit Card,Alice,INV100228,2023-12
2023-10-20,East,Study products,165,71.1,11732.03,9050.74,2681.29,Cash,Charlie,INV100229,2023-10
2023-10-12,West,Study products,119,34.82,4143.73,3320.89,822.84,Credit Card,Alice,INV100230,2023-10
2023-11-19,West,Kids wear,176,44.74,7874.35,5056.89,2817.46,Credit Card,Diana,INV100231,2023-11
2023-05-08,East,Electronic Gadgets,166,20.15,3344.94,2887.89,457.05,Online Payment,Bob,INV100232,2023-05
2024-01-01,North,Kids wear,144,74.28,10695.84,6480.41,4215.43,Bank Transfer,Bob,INV100233,2024-01
2023-05-11,North,Study products,92,80.55,7410.97,5857.56,1553.41,Bank Transfer,Charlie,INV100234,2023-05
2023-03-11,North,Kids wear,138,96.17,13270.79,10369.74,2901.05,Cash,Charlie,INV100235,2023-03
2023-09-16,West,Study products,198,58.88,11657.27,7277.92,4379.35,Online Payment,Alice,INV100236,2023-09
2023-06-01,North,Toys,69,93.65,6462.15,5512.84,949.31,Bank Transfer,Bob,INV100237,2023-06
2023-06-20,West,Toys,36,73.69,2652.82,2316.69,336.13,Cash,Bob,INV100238,2023-06
2023-07-13,North,Study products,110,67.49,7423.82,4823.23,2600.59,Online Payment,Alice,INV100239,2023-07
2023-10-01,North,Kids wear,24,87.03,2088.65,1863.0,225.65,Credit Card,Diana,INV100240,2023-10
2023-07-02,North,Study products,54,71.42,3856.59,2638.97,1217.62,Credit Card,Charlie,INV100241,2023-07
2023-06-13,East,Study products,133,30.0,3990.53,2642.18,1348.35,Credit Card,Bob,INV100242,2023-06
2023-11-01,South,Kids wear,55,65.51,3603.13,2995.58,607.55,Bank Transfer,Bob,INV100243,2023-11
2023-08-17,North,Study products,96,82.07,7878.73,4801.41,3077.32,Credit Card,Bob,INV100244,2023-08
2023-07-17,North,Kids wear,13,81.91,1064.86,686.27,378.59,Online Payment,Alice,INV100245,2023-07
2023-04-08,East,Electronic Gadgets,42,51.46,2161.29,1943.12,218.17,Online Payment,Bob,INV100246,2023-04
2023-09-17,West,Electronic Gadgets,82,82.04,6727.47,5612.26,1115.21,Online Payment,Alice,INV100247,2023-09
2023-10-12,North,Toys,86,97.67,8399.91,6216.17,2183.74,Cash,Diana,INV100248,2023-10
2023-12-27,East,Study products,34,70.35,2391.91,1530.62,861.29,Credit Card,Charlie,INV100249,2023-12
2023-02-11,North,Electronic Gadgets,82,44.92,3683.2,2913.37,769.83,Cash,Bob,INV100250,2023-02
2023-02-09,West,Electronic Gadgets,68,97.21,6610.35,4794.52,1815.83,Cash,Charlie,INV100251,2023-02
2023-09-25,North,Study products,181,71.15,12877.52,7823.9,5053.62,Credit Card,Charlie,INV100252,2023-09
2023-08-06,West,Study products,36,66.2,2383.08,1834.33,548.75,Cash,Diana,INV100253,2023-08
2023-09-15,North,Toys,21,75.95,1595.03,1102.14,492.89,Cash,Charlie,INV100254,2023-09
2023-03-08,North,Electronic Gadgets,143,97.49,13941.06,10827.43,3113.63,Credit Card,Charlie,INV100255,2023-03
2023-05-25,West,Toys,70,94.09,6585.97,4135.38,2450.59,Online Payment,Bob,INV100256,2023-05
2023-12-18,North,Study products,130,72.91,9477.67,6019.63,3458.04,Bank Transfer,Diana,INV100257,2023-12
2023-02-19,West,Study products,178,24.15,4298.4,3463.2,835.2,Online Payment,Bob,INV100258,2023-02
2023-01-02,South,Kids wear,62,84.52,5240.52,3683.7,1556.82,Cash,Charlie,INV100259,2023-01
2023-08-03,South,Electronic Gadgets,160,27.47,4394.47,2885.25,1509.22,Bank Transfer,Alice,INV100260,2023-08
2023-06-13,West,Kids wear,180,77.23,13902.16,10784.13,3118.03,Cash,Diana,INV100261,2023-06
2023-02-15,South,Electronic Gadgets,124,67.24,8337.23,7192.91,1144.32,Credit Card,Alice,INV100262,2023-02
2023-05-05,North,Toys,157,53.97,8473.09,7287.33,1185.76,Credit Card,Bob,INV100263,2023-05
2023-07-29,North,Kids wear,104,28.54,2967.85,1798.79,1169.06,Online Payment,Charlie,INV100264,2023-07
2023-06-12,West,Study products,132,75.11,9914.26,6139.16,3775.1,Bank Transfer,Alice,INV100265,2023-06
2023-01-15,East,Study products,81,95.12,7704.79,5446.31,2258.48,Online Payment,Diana,INV100266,2023-01
2023-02-21,South,Kids wear,188,43.57,8191.57,6801.12,1390.45,Bank Transfer,Charlie,INV100267,2023-02
2023-04-19,East,Kids wear,87,70.12,6100.79,4238.02,1862.77,Online Payment,Charlie,INV100268,2023-04
2023-04-12,West,Electronic Gadgets,40,35.24,1409.6,1257.2,152.4,Bank Transfer,Diana,INV100269,2023-04
2023-04-28,East,Kids wear,19,81.46,1547.67,1101.2,446.47,Online Payment,Bob,INV100270,2023-04
2023-04-18,West,Study products,196,39.41,7724.22,4930.18,2794.04,Credit Card,Bob,INV100271,2023-04
2023-02-17,South,Kids wear,142,64.91,9217.51,6257.62,2959.89,Online Payment,Bob,INV100272,2023-02
2023-04-08,West,Kids wear,158,75.12,11868.22,8288.23,3579.99,Credit Card,Bob,INV100273,2023-04
2023-05-04,West,Kids wear,194,81.34,15780.19,11688.94,4091.25,Cash,Charlie,INV100274,2023-05
2023-07-23,East,Study products,40,66.28,2651.29,1957.31,693.98,Credit Card,Diana,INV100275,2023-07
2023-01-16,East,Electronic Gadgets,68,48.48,3296.37,2494.83,801.54,Bank Transfer,Charlie,INV100276,2023-01
2023-12-13,West,Kids wear,107,93.57,10011.91,8652.5,1359.41,Credit Card,Bob,INV100277,2023-12
2023-11-29,West,Study products,58,50.65,2937.44,1935.54,1001.9,Cash,Charlie,INV100278,2023-11
2023-01-25,South,Kids wear,124,50.89,6310.88,3882.46,2428.42,Credit Card,Charlie,INV100279,2023-01
2023-12-24,West,Electronic Gadgets,167,96.47,16109.7,10792.7,5317.0,Bank Transfer,Bob,INV100280,2023-12
2023-06-25,North,Study products,70,58.71,4110.04,2874.63,1235.41,Credit Card,Bob,INV100281,2023-06
2023-04-18,East,Study products,96,42.39,4069.12,3518.73,550.39,Bank Transfer,Diana,INV100282,2023-04
2023-02-05,West,Electronic Gadgets,104,37.93,3944.2,3410.74,533.46,Bank Transfer,Diana,INV100283,2023-02
2023-07-18,North,Study products,173,97.36,16844.0,14345.05,2498.95,Online Payment,Charlie,INV100284,2023-07
2023-09-15,West,Toys,40,98.99,3959.42,2987.92,971.5,Credit Card,Alice,INV100285,2023-09
2023-03-07,West,Kids wear,139,68.76,9558.28,8037.84,1520.44,Cash,Charlie,INV100286,2023-03
2023-05-22,East,Study products,129,41.22,5318.02,4132.74,1185.28,Online Payment,Bob,INV100287,2023-05
2023-06-23,South,Electronic Gadgets,59,56.8,3351.18,2048.02,1303.16,Online Payment,Diana,INV100288,2023-06
2023-07-08,East,Kids wear,185,38.02,7034.34,6007.64,1026.7,Bank Transfer,Charlie,INV100289,2023-07
2023-05-25,West,Kids wear,62,53.91,3342.66,2192.84,1149.82,Cash,Alice,INV100290,2023-05
2023-12-31,North,Toys,48,58.78,2821.37,2410.06,411.31,Online Payment,Charlie,INV100291,2023-12
2023-12-08,South,Toys,20,29.32,586.46,449.07,137.39,Bank Transfer,Diana,INV100292,2023-12
2023-01-21,East,Toys,115,27.72,3188.16,1975.05,1213.11,Bank Transfer,Charlie,INV100293,2023-01
2023-10-06,West,Kids wear,27,55.76,1505.59,1074.05,431.54,Credit Card,Bob,INV100294,2023-10
2023-05-09,North,Kids wear,93,75.97,7064.89,6115.88,949.01,Online Payment,Alice,INV100295,2023-05
2023-05-01,East,Electronic Gadgets,15,45.27,679.09,444.27,234.82,Bank Transfer,Diana,INV100296,2023-05
2023-05-24,East,Study products,151,56.12,8473.71,7218.91,1254.8,Credit Card,Charlie,INV100297,2023-05
2023-01-14,West,Toys,57,57.31,3266.88,2011.6,1255.28,Cash,Bob,INV100298,2023-01
2023-02-03,West,Electronic Gadgets,192,64.91,12463.45,10308.94,2154.51,Online Payment,Bob,INV100299,2023-02
2024-01-01,North,Electronic Gadgets,168,41.74,7012.82,5655.13,1357.69,Cash,Bob,INV100300,2024-01
2023-06-22,West,Study products,28,23.93,669.98,415.68,254.3,Credit Card,Charlie,INV100301,2023-06
2023-12-24,North,Kids wear,27,90.58,2445.72,2172.85,272.87,Cash,Charlie,INV100302,2023-12
2023-03-02,East,Toys,76,83.42,6339.95,4286.63,2053.32,Cash,Alice,INV100303,2023-03
2023-06-23,West,Electronic Gadgets,164,35.37,5800.43,5213.04,587.39,Credit Card,Diana,INV100304,2023-06
2023-03-26,South,Toys,164,25.97,4258.28,3778.44,479.84,Cash,Alice,INV100305,2023-03
2023-10-30,West,Electronic Gadgets,41,65.46,2684.04,1824.09,859.95,Credit Card,Charlie,INV100306,2023-10
2023-01-04,South,Kids wear,114,97.32,11094.17,9301.72,1792.45,Online Payment,Bob,INV100307,2023-01
2023-02-28,North,Toys,178,32.65,5812.53,3678.53,2134.0,Bank Transfer,Charlie,INV100308,2023-02
2023-09-07,North,Kids wear,93,61.41,5711.53,3667.32,2044.21,Cash,Charlie,INV100309,2023-09
2023-08-04,South,Toys,194,88.59,17187.24,13017.54,4169.7,Credit Card,Diana,INV100310,2023-08
2023-05-18,South,Electronic Gadgets,114,52.3,5962.66,4482.29,1480.37,Bank Transfer,Bob,INV100311,2023-05
2023-09-19,South,Study products,161,36.24,5833.9,4746.25,1087.65,Credit Card,Bob,INV100312,2023-09
2023-07-03,South,Kids wear,53,84.66,4486.92,3457.06,1029.86,Bank Transfer,Charlie,INV100313,2023-07
2023-10-14,North,Kids wear,46,73.9,3399.35,2939.84,459.51,Cash,Alice,INV100314,2023-10
2023-05-04,North,Study products,19,26.74,507.99,441.5,66.49,Cash,Bob,INV100315,2023-05
2023-02-22,East,Kids wear,90,35.75,3217.53,2255.53,962.0,Online Payment,Alice,INV100316,2023-02
2023-11-09,North,Toys,18,36.24,652.24,507.48,144.76,Cash,Charlie,INV100317,2023-11
2023-04-27,West,Kids wear,101,44.42,4486.65,3967.71,518.94,Credit Card,Diana,INV100318,2023-04
2023-08-15,West,Kids wear,162,25.56,4140.65,3653.29,487.36,Online Payment,Diana,INV100319,2023-08
2023-12-29,South,Toys,182,68.67,12498.78,10364.58,2134.2,Cash,Bob,INV100320,2023-12
2023-11-20,North,Kids wear,21,88.17,1851.55,1638.82,212.73,Cash,Diana,INV100321,2023-11
2023-05-26,West,Electronic Gadgets,85,93.52,7949.42,6816.44,1132.98,Online Payment,Bob,INV100322,2023-05
2023-06-25,East,Study products,186,78.52,14604.83,10236.24,4368.59,Online Payment,Diana,INV100323,2023-06
2023-09-22,North,Kids wear,45,23.5,1057.5,864.81,192.69,Cash,Alice,INV100324,2023-09
2023-04-11,South,Study products,11,40.13,441.39,285.26,156.13,Bank Transfer,Charlie,INV100325,2023-04
2023-06-01,North,Electronic Gadgets,69,34.14,2355.58,2059.33,296.25,Bank Transfer,Charlie,INV100326,2023-06
2023-06-13,South,Kids wear,24,97.01,2328.36,2025.74,302.62,Online Payment,Diana,INV100327,2023-06
2023-08-28,West,Toys,174,99.26,17270.72,11145.79,6124.93,Cash,Alice,INV100328,2023-08
2023-11-06,East,Toys,183,81.2,14859.82,9410.28,5449.54,Credit Card,Bob,INV100329,2023-11
2023-10-15,West,Toys,107,52.66,5634.63,4111.57,1523.06,Online Payment,Diana,INV100330,2023-10
2023-06-30,West,Study products,101,62.19,6280.84,4290.67,1990.17,Credit Card,Charlie,INV100331,2023-06
2023-05-09,West,Toys,81,52.15,4224.36,3535.89,688.47,Credit Card,Alice,INV100332,2023-05
2023-03-10,South,Toys,164,39.18,6425.28,4386.48,2038.8,Bank Transfer,Charlie,INV100333,2023-03
2023-03-12,East,Toys,115,73.81,8488.3,7160.62,1327.68,Bank Transfer,Charlie,INV100334,2023-03
2023-04-05,West,Electronic Gadgets,77,30.7,2363.59,2027.74,335.85,Credit Card,Alice,INV100335,2023-04
2023-06-04,North,Electronic Gadgets,196,27.64,5418.07,3430.79,1987.28,Credit Card,Diana,INV100336,2023-06
2023-11-08,South,Electronic Gadgets,195,30.57,5961.04,4761.29,1199.75,Online Payment,Diana,INV100337,2023-11
2023-04-16,South,Toys,61,20.28,1236.84,994.55,242.29,Cash,Charlie,INV100338,2023-04
2023-06-08,North,Study products,191,94.49,18048.46,11773.73,6274.73,Online Payment,Diana,INV100339,2023-06
2023-04-20,West,Electronic Gadgets,17,98.09,1667.55,1440.81,226.74,Credit Card,Bob,INV100340,2023-04
2023-02-26,South,Electronic Gadgets,30,37.35,1120.62,930.08,190.54,Online Payment,Bob,INV100341,2023-02
2023-08-15,West,Toys,69,61.19,4222.28,2771.29,1450.99,Online Payment,Alice,INV100342,2023-08
2023-02-24,North,Study products,183,36.45,6669.98,4917.16,1752.82,Bank Transfer,Alice,INV100343,2023-02
2023-06-18,North,Kids wear,41,53.86,2208.32,1447.77,760.55,Cash,Charlie,INV100344,2023-06
2023-08-18,South,Kids wear,180,79.54,14317.48,10117.9,4199.58,Bank Transfer,Diana,INV100345,2023-08
2023-08-01,East,Toys,54,90.98,4913.09,4181.43,731.66,Credit Card,Bob,INV100346,2023-08
2023-09-03,East,Kids wear,199,87.19,17351.29,12218.71,5132.58,Cash,Diana,INV100347,2023-09
2023-08-04,North,Kids wear,12,62.5,749.97,588.07,161.9,Bank Transfer,Diana,INV100348,2023-08
2023-08-25,West,Kids wear,182,63.46,11549.17,8423.37,3125.8,Bank Transfer,Charlie,INV100349,2023-08
2023-08-05,South,Electronic Gadgets,90,27.76,2498.25,1719.67,778.58,Bank Transfer,Diana,INV100350,2023-08
2023-02-11,East,Toys,156,45.05,7027.87,5209.77,1818.1,Online Payment,Charlie,INV100351,2023-02
2023-08-15,West,Kids wear,116,43.61,5059.15,3049.55,2009.6,Cash,Bob,INV100352,2023-08
2023-10-19,East,Kids wear,190,94.23,17903.64,11619.75,6283.89,Credit Card,Diana,INV100353,2023-10
2023-07-31,West,Toys,55,85.31,4691.78,3564.45,1127.33,Bank Transfer,Charlie,INV100354,2023-07
2023-05-01,South,Kids wear,162,53.23,8622.96,7137.88,1485.08,Online Payment,Alice,INV100355,2023-05
2023-04-27,East,Kids wear,165,80.53,13287.14,10313.97,2973.17,Credit Card,Alice,INV100356,2023-04
2023-06-07,West,Toys,198,34.17,6766.58,5115.72,1650.86,Bank Transfer,Alice,INV100357,2023-06
2023-11-11,West,Electronic Gadgets,43,96.53,4150.95,3286.53,864.42,Credit Card,Diana,INV100358,2023-11
2023-11-19,West,Kids wear,16,86.64,1386.31,1192.83,193.48,Online Payment,Charlie,INV100359,2023-11
2023-07-19,East,Study products,184,32.72,6019.92,4012.41,2007.51,Online Payment,Alice,INV100360,2023-07
2023-05-30,South,Study products,171,97.65,16697.59,10710.91,5986.68,Credit Card,Charlie,INV100361,2023-05
2023-07-06,South,Kids wear,151,91.55,13823.5,11262.46,2561.04,Bank Transfer,Diana,INV100362,2023-07
2023-10-06,South,Electronic Gadgets,32,76.26,2440.47,1570.4,870.07,Credit Card,Alice,INV100363,2023-10
2023-02-03,East,Study products,29,45.29,1313.52,826.24,487.28,Bank Transfer,Charlie,INV100364,2023-02
2023-11-02,West,Kids wear,61,22.93,1398.96,970.79,428.17,Cash,Bob,INV100365,2023-11
2023-06-03,North,Kids wear,113,94.08,10631.09,7920.81,2710.28,Online Payment,Bob,INV100366,2023-06
2023-02-15,North,Kids wear,95,52.52,4989.51,3314.99,1674.52,Bank Transfer,Diana,INV100367,2023-02
2023-10-07,North,Kids wear,187,69.55,13005.09,11190.39,1814.7,Bank Transfer,Diana,INV100368,2023-10
2023-03-06,West,Study products,113,77.14,8717.11,6340.07,2377.04,Online Payment,Diana,INV100369,2023-03
2023-06-25,West,Study products,151,76.51,11553.43,8582.96,2970.47,Online Payment,Alice,INV100370,2023-06
2023-05-09,North,Kids wear,143,92.71,13257.12,9553.15,3703.97,Credit Card,Alice,INV100371,2023-05
2023-07-18,West,Kids wear,42,43.04,1807.87,1534.14,273.73,Credit Card,Bob,INV100372,2023-07
2023-11-07,West,Kids wear,123,65.87,8101.41,5495.32,2606.09,Online Payment,Diana,INV100373,2023-11
2023-12-04,West,Electronic Gadgets,29,29.42,853.18,745.5,107.68,Credit Card,Charlie,INV100374,2023-12
2023-04-25,West,Study products,75,91.5,6862.33,5477.75,1384.58,Bank Transfer,Alice,INV100375,2023-04
2023-11-15,East,Study products,113,54.52,6160.61,5409.01,751.6,Credit Card,Charlie,INV100376,2023-11
2023-06-13,West,Electronic Gadgets,131,35.19,4609.74,3164.49,1445.25,Bank Transfer,Bob,INV100377,2023-06
2023-08-12,North,Toys,106,85.8,9094.91,6123.93,2970.98,Online Payment,Diana,INV100378,2023-08
2023-02-04,East,Kids wear,156,45.39,7080.64,5132.56,1948.08,Cash,Diana,INV100379,2023-02
2023-05-08,North,Kids wear,80,92.59,7407.07,6219.72,1187.35,Cash,Diana,INV100380,2023-05
2023-01-20,East,Toys,60,84.16,5049.74,3112.51,1937.23,Credit Card,Charlie,INV100381,2023-01
2023-06-29,East,Electronic Gadgets,95,79.56,7558.49,6170.86,1387.63,Online Payment,Diana,INV100382,2023-06
2023-07-18,West,Electronic Gadgets,83,74.5,6183.7,4516.22,1667.48,Bank Transfer,Diana,INV100383,2023-07
2023-09-18,South,Electronic Gadgets,133,46.25,6151.12,5017.16,1133.96,Online Payment,Charlie,INV100384,2023-09
2023-04-05,West,Study products,28,79.66,2230.56,1920.96,309.6,Bank Transfer,Charlie,INV100385,2023-04
2023-07-18,East,Kids wear,85,43.59,3704.78,2578.06,1126.72,Bank Transfer,Diana,INV100386,2023-07
2023-05-06,West,Kids wear,75,37.81,2836.02,2515.59,320.43,Credit Card,Diana,INV100387,2023-05
2023-10-31,East,Kids wear,149,26.4,3934.33,3186.42,747.91,Credit Card,Alice,INV100388,2023-10
2023-08-30,West,Kids wear,34,59.83,2034.13,1655.63,378.5,Bank Transfer,Charlie,INV100389,2023-08
2023-12-15,West,Kids wear,164,29.15,4781.09,3877.81,903.28,Bank Transfer,Charlie,INV100390,2023-12
2023-03-30,North,Electronic Gadgets,80,85.0,6800.03,5057.93,1742.1,Cash,Bob,INV100391,2023-03
2023-06-29,South,Study products,40,71.14,2845.6,2531.67,313.93,Online Payment,Alice,INV100392,2023-06
2023-10-14,West,Toys,35,21.71,760.02,659.43,100.59,Online Payment,Bob,INV100393,2023-10
2023-04-29,North,Electronic Gadgets,79,65.27,5156.5,4245.18,911.32,Bank Transfer,Alice,INV100394,2023-04
2023-07-09,South,Kids wear,16,47.21,755.35,534.35,221.0,Cash,Alice,INV100395,2023-07
2023-11-30,East,Study products,13,86.99,1130.87,810.4,320.47,Online Payment,Diana,INV100396,2023-11
2023-03-08,East,Toys,52,39.73,2065.86,1403.37,662.49,Online Payment,Diana,INV100397,2023-03
2023-04-06,East,Study products,183,63.33,11589.73,9977.03,1612.7,Bank Transfer,Charlie,INV100398,2023-04
2023-06-26,East,Electronic Gadgets,19,64.48,1225.04,930.89,294.15,Cash,Alice,INV100399,2023-06
2023-11-27,South,Electronic Gadgets,185,56.0,10359.19,8021.71,2337.48,Cash,Alice,INV100400,2023-11
2023-04-25,East,Electronic Gadgets,136,20.16,2741.86,2314.38,427.48,Credit Card,Alice,INV100401,2023-04
2023-08-16,South,Study products,52,35.32,1836.55,1547.47,289.08,Cash,Bob,INV100402,2023-08
2023-11-09,South,Kids wear,67,59.96,4017.23,2784.0,1233.23,Cash,Alice,INV100403,2023-11
2023-08-23,West,Toys,112,35.33,3956.95,2732.15,1224.8,Cash,Bob,INV100404,2023-08
2023-04-26,West,Kids wear,67,74.56,4995.75,4492.95,502.8,Online Payment,Charlie,INV100405,2023-04
2023-08-10,East,Kids wear,50,33.36,1668.23,1436.58,231.65,Cash,Alice,INV100406,2023-08
2023-05-06,North,Study products,50,71.84,3591.9,2691.36,900.54,Credit Card,Alice,INV100407,2023-05
2023-01-15,North,Kids wear,198,20.28,4014.79,3155.23,859.56,Online Payment,Charlie,INV100408,2023-01
2023-03-13,East,Electronic Gadgets,57,69.57,3965.61,2777.93,1187.68,Online Payment,Charlie,INV100409,2023-03
2023-04-25,West,Electronic Gadgets,123,67.24,8270.72,6586.85,1683.87,Credit Card,Diana,INV100410,2023-04
2023-12-26,South,Electronic Gadgets,45,68.55,3084.62,2053.93,1030.69,Cash,Charlie,INV100411,2023-12
2023-06-12,North,Toys,48,95.98,4607.11,3515.88,1091.23,Cash,Diana,INV100412,2023-06
2023-03-24,West,Kids wear,135,20.21,2727.74,2167.86,559.88,Cash,Alice,INV100413,2023-03
2023-03-15,South,Electronic Gadgets,180,61.71,11108.35,9710.44,1397.91,Credit Card,Diana,INV100414,2023-03
2023-04-22,North,Electronic Gadgets,100,92.01,9200.57,7202.3,1998.27,Bank Transfer,Alice,INV100415,2023-04
2023-01-13,North,Electronic Gadgets,32,69.18,2213.91,1793.24,420.67,Cash,Alice,INV100416,2023-01
2023-04-07,North,Study products,171,80.22,13718.2,10475.8,3242.4,Credit Card,Diana,INV100417,2023-04
2023-05-24,South,Electronic Gadgets,48,33.94,1629.04,1255.32,373.72,Credit Card,Diana,INV100418,2023-05
2023-07-24,East,Kids wear,23,49.25,1132.7,950.72,181.98,Credit Card,Charlie,INV100419,2023-07
2023-11-27,West,Kids wear,25,51.5,1287.5,1064.08,223.42,Online Payment,Diana,INV100420,2023-11
2023-01-11,North,Kids wear,26,88.76,2307.8,1632.93,674.87,Online Payment,Diana,INV100421,2023-01
2023-02-20,South,Toys,59,53.38,3149.43,2741.32,408.11,Cash,Bob,INV100422,2023-02
2023-12-03,North,Kids wear,157,61.34,9630.59,8386.73,1243.86,Cash,Alice,INV100423,2023-12
2023-12-16,West,Toys,151,68.2,10297.95,9116.22,1181.73,Bank Transfer,Diana,INV100424,2023-12
2023-12-31,West,Toys,103,59.49,6127.24,4392.13,1735.11,Online Payment,Diana,INV100425,2023-12
2023-09-05,East,Toys,66,85.56,5646.79,3545.52,2101.27,Bank Transfer,Alice,INV100426,2023-09
2023-12-17,South,Toys,119,46.92,5583.06,3916.87,1666.19,Credit Card,Alice,INV100427,2023-12
2023-11-03,South,Kids wear,57,52.0,2963.72,2264.39,699.33,Cash,Bob,INV100428,2023-11
2023-08-26,West,Kids wear,70,99.9,6993.06,4392.77,2600.29,Bank Transfer,Charlie,INV100429,2023-08
2023-03-18,East,Kids wear,63,61.43,3870.03,3475.6,394.43,Online Payment,Alice,INV100430,2023-03
2023-03-07,North,Kids wear,71,90.85,6450.28,4241.97,2208.31,Online Payment,Bob,INV100431,2023-03
2023-07-02,South,Study products,100,55.62,5561.96,4309.05,1252.91,Bank Transfer,Charlie,INV100432,2023-07
2023-06-04,West,Study products,70,66.18,4632.55,3792.48,840.07,Bank Transfer,Diana,INV100433,2023-06
2023-04-06,North,Study products,141,21.62,3048.31,2689.28,359.03,Credit Card,Diana,INV100434,2023-04
2023-11-24,East,Kids wear,25,66.46,1661.4,1205.47,455.93,Cash,Charlie,INV100435,2023-11
2023-09-14,East,Study products,83,28.99,2406.32,1488.9,917.42,Cash,Charlie,INV100436,2023-09
2023-10-12,North,Electronic Gadgets,48,98.07,4707.58,3982.62,724.96,Bank Transfer,Alice,INV100437,2023-10
2023-11-04,East,Electronic Gadgets,176,41.18,7248.32,5353.59,1894.73,Credit Card,Alice,INV100438,2023-11
2023-01-16,West,Toys,183,90.98,16649.51,14398.73,2250.78,Bank Transfer,Charlie,INV100439,2023-01
2023-01-06,South,Electronic Gadgets,21,78.62,1651.04,1166.36,484.68,Credit Card,Bob,INV100440,2023-01
2023-09-24,South,Study products,65,53.64,3486.89,2235.58,1251.31,Bank Transfer,Diana,INV100441,2023-09
2023-06-02,South,Toys,64,88.86,5687.21,4484.21,1203.0,Credit Card,Alice,INV100442,2023-06
2023-08-09,East,Study products,199,63.31,12598.61,9374.45,3224.16,Bank Transfer,Alice,INV100443,2023-08
2023-12-03,North,Study products,18,91.86,1653.51,1197.97,455.54,Credit Card,Charlie,INV100444,2023-12
2023-05-07,North,Electronic Gadgets,80,88.76,7100.7,6267.91,832.79,Bank Transfer,Bob,INV100445,2023-05
2023-12-29,West,Kids wear,147,34.5,5071.69,3151.33,1920.36,Credit Card,Charlie,INV100446,2023-12
2023-08-31,North,Toys,110,26.32,2895.26,1940.34,954.92,Bank Transfer,Alice,INV100447,2023-08
2023-10-19,East,Study products,14,36.59,512.25,372.42,139.83,Credit Card,Bob,INV100448,2023-10
2023-12-09,West,Kids wear,124,33.72,4181.37,3197.8,983.57,Credit Card,Charlie,INV100449,2023-12
2023-06-28,West,Toys,14,44.87,628.21,466.68,161.53,Cash,Diana,INV100450,2023-06
2023-02-02,North,Electronic Gadgets,131,75.0,9824.94,7036.91,2788.03,Credit Card,Charlie,INV100451,2023-02
2023-09-05,East,Electronic Gadgets,26,55.79,1450.61,1203.56,247.05,Online Payment,Diana,INV100452,2023-09
2023-02-15,East,Study products,130,36.95,4803.37,3252.33,1551.04,Bank Transfer,Bob,INV100453,2023-02
2023-10-15,South,Toys,169,94.75,16012.76,11769.78,4242.98,Bank Transfer,Diana,INV100454,2023-10
2023-03-22,West,Toys,30,66.69,2000.67,1582.4,418.27,Credit Card,Bob,INV100455,2023-03
2023-03-13,South,Electronic Gadgets,87,33.34,2900.91,2549.51,351.4,Credit Card,Diana,INV100456,2023-03
2023-10-29,East,Toys,189,87.15,16471.11,12653.94,3817.17,Cash,Charlie,INV100457,2023-10
2023-12-27,North,Toys,133,46.81,6225.49,4479.31,1746.18,Credit Card,Diana,INV100458,2023-12
2023-01-14,East,Electronic Gadgets,168,73.88,12411.21,8200.22,4210.99,Cash,Charlie,INV100459,2023-01
2023-02-16,East,Toys,40,98.84,3953.66,2484.78,1468.88,Cash,Charlie,INV100460,2023-02
2023-09-29,North,Electronic Gadgets,25,99.27,2481.65,1576.65,905.0,Credit Card,Bob,INV100461,2023-09
2023-04-26,East,Toys,178,44.6,7938.07,6122.05,1816.02,Cash,Diana,INV100462,2023-04
2023-03-06,South,Kids wear,172,37.06,6374.94,4220.62,2154.32,Cash,Diana,INV100463,2023-03
2023-02-05,South,Study products,117,87.27,10210.95,8882.62,1328.33,Credit Card,Bob,INV100464,2023-02
2023-03-29,South,Study products,64,41.73,2670.6,2046.01,624.59,Bank Transfer,Bob,INV100465,2023-03
2023-04-10,South,Kids wear,20,69.09,1381.77,878.17,503.6,Credit Card,Bob,INV100466,2023-04
2023-06-05,South,Study products,109,52.3,5700.64,4666.7,1033.94,Credit Card,Charlie,INV100467,2023-06
2023-05-30,East,Toys,25,74.5,1862.38,1610.58,251.8,Cash,Diana,INV100468,2023-05
2023-08-13,West,Study products,70,34.71,2429.39,1826.9,602.49,Credit Card,Diana,INV100469,2023-08
2023-04-01,South,Toys,44,97.12,4273.31,3791.53,481.78,Credit Card,Diana,INV100470,2023-04
2023-06-21,North,Kids wear,132,76.97,10160.23,8906.5,1253.73,Credit Card,Alice,INV100471,2023-06
2023-09-23,North,Electronic Gadgets,123,55.73,6854.66,4385.72,2468.94,Credit Card,Alice,INV100472,2023-09
2023-09-13,North,Toys,96,31.29,3003.6,2607.17,396.43,Cash,Diana,INV100473,2023-09
2023-02-18,North,Toys,173,69.89,12091.2,8073.13,4018.07,Bank Transfer,Bob,INV100474,2023-02
2023-07-12,East,Study products,29,24.67,715.35,565.27,150.08,Cash,Charlie,INV100475,2023-07
2023-11-12,South,Toys,53,73.87,3915.04,3383.89,531.15,Bank Transfer,Charlie,INV100476,2023-11
2023-08-18,South,Kids wear,92,32.73,3011.52,2383.3,628.22,Credit Card,Alice,INV100477,2023-08
2023-10-16,North,Kids wear,115,47.4,5451.35,3887.15,1564.2,Online Payment,Bob,INV100478,2023-10
2023-05-21,East,Study products,156,31.36,4892.79,3752.52,1140.27,Bank Transfer,Bob,INV100479,2023-05
2023-03-25,West,Toys,94,84.88,7978.59,5322.12,2656.47,Online Payment,Alice,INV100480,2023-03
2023-11-29,South,Study products,64,71.61,4582.76,3533.48,1049.28,Bank Transfer,Alice,INV100481,2023-11
2023-12-03,West,Kids wear,152,64.16,9752.48,7476.24,2276.24,Bank Transfer,Bob,INV100482,2023-12
2023-01-17,South,Study products,14,33.86,474.08,324.61,149.47,Cash,Alice,INV100483,2023-01
2023-05-17,South,Electronic Gadgets,53,35.63,1888.64,1502.15,386.49,Credit Card,Bob,INV100484,2023-05
2023-12-07,West,Study products,117,86.98,10176.58,6549.12,3627.46,Credit Card,Alice,INV100485,2023-12
2023-06-25,North,Toys,128,28.6,3660.99,2701.27,959.72,Online Payment,Charlie,INV100486,2023-06
2023-06-28,West,Toys,193,50.6,9766.74,6216.24,3550.5,Credit Card,Bob,INV100487,2023-06
2023-02-18,West,Toys,28,76.24,2134.73,1898.41,236.32,Cash,Bob,INV100488,2023-02
2023-12-07,South,Toys,125,52.88,6609.52,5347.1,1262.42,Cash,Alice,INV100489,2023-12
2023-05-14,West,Electronic Gadgets,136,63.94,8696.21,5229.68,3466.53,Online Payment,Charlie,INV100490,2023-05
2023-12-26,East,Study products,61,93.61,5710.46,5082.41,628.05,Online Payment,Diana,INV100491,2023-12
2023-09-30,South,Kids wear,127,51.14,6494.45,5087.0,1407.45,Credit Card,Charlie,INV100492,2023-09
2023-03-21,South,Electronic Gadgets,113,50.12,5663.87,3988.29,1675.58,Credit Card,Alice,INV100493,2023-03
2023-12-20,West,Toys,55,45.6,2508.22,2241.7,266.52,Cash,Charlie,INV100494,2023-12
2023-02-19,North,Study products,10,99.2,992.04,645.9,346.14,Online Payment,Alice,INV100495,2023-02
2023-05-29,South,Kids wear,183,85.02,15558.08,12860.08,2698.0,Cash,Alice,INV100496,2023-05
2023-11-18,South,Kids wear,180,71.49,12868.8,9614.59,3254.21,Credit Card,Alice,INV100497,2023-11
2023-11-22,West,Kids wear,81,21.34,1728.93,1128.23,600.7,Online Payment,Charlie,INV100498,2023-11
2023-04-11,South,Toys,178,68.64,12218.25,7572.17,4646.08,Credit Card,Bob,INV100499,2023-04
2023-11-01,South,Kids wear,13,80.11,1041.44,752.7,288.74,Bank Transfer,Alice,INV100500,2023-11
2023-05-28,South,Study products,165,87.54,14443.37,10295.95,4147.42,Cash,Diana,INV100501,2023-05
2023-10-14,South,Study products,141,63.93,9014.4,7353.34,1661.06,Credit Card,Alice,INV100502,2023-10
2023-12-23,South,Study products,85,89.93,7644.09,5864.83,1779.26,Cash,Diana,INV100503,2023-12
2023-10-04,West,Toys,169,42.58,7195.26,4488.64,2706.62,Credit Card,Charlie,INV100504,2023-10
2023-07-20,West,Study products,187,81.99,15332.22,10460.63,4871.59,Bank Transfer,Diana,INV100505,2023-07
2023-10-23,South,Electronic Gadgets,60,37.42,2245.43,1958.94,286.49,Bank Transfer,Charlie,INV100506,2023-10
2023-06-17,West,Electronic Gadgets,24,65.57,1573.66,1268.17,305.49,Bank Transfer,Diana,INV100507,2023-06
2023-11-24,North,Electronic Gadgets,143,65.95,9430.19,5968.81,3461.38,Cash,Alice,INV100508,2023-11
2023-04-14,South,Kids wear,166,97.73,16223.52,13245.06,2978.46,Online Payment,Diana,INV100509,2023-04
2023-02-03,East,Study products,48,86.29,4141.87,2944.8,1197.07,Online Payment,Bob,INV100510,2023-02
2023-09-11,South,Electronic Gadgets,103,98.05,10099.1,7974.99,2124.11,Cash,Charlie,INV100511,2023-09
2023-06-20,West,Kids wear,23,46.43,1067.83,876.95,190.88,Online Payment,Charlie,INV100512,2023-06
2023-03-27,West,Study products,60,46.72,2803.41,1751.81,1051.6,Cash,Diana,INV100513,2023-03
2023-01-03,North,Kids wear,150,25.56,3834.41,3326.3,508.11,Cash,Diana,INV100514,2023-01
2023-09-27,South,Study products,38,97.13,3690.88,2737.46,953.42,Online Payment,Charlie,INV100515,2023-09
2023-01-02,West,Kids wear,189,87.91,16615.82,12403.71,4212.11,Bank Transfer,Charlie,INV100516,2023-01
2023-12-30,North,Kids wear,110,41.19,4530.79,2774.98,1755.81,Bank Transfer,Diana,INV100517,2023-12
2023-12-02,West,Electronic Gadgets,37,47.47,1756.48,1121.48,635.0,Credit Card,Charlie,INV100518,2023-12
2023-06-29,West,Toys,79,49.44,3905.67,3470.53,435.14,Online Payment,Diana,INV100519,2023-06
2023-05-11,North,Study products,199,47.39,9429.73,7414.24,2015.49,Credit Card,Diana,INV100520,2023-05
2023-08-25,East,Toys,141,84.99,11983.83,10768.93,1214.9,Bank Transfer,Bob,INV100521,2023-08
2023-02-05,North,Study products,63,88.15,5553.52,4579.35,974.17,Credit Card,Diana,INV100522,2023-02
2023-01-11,North,Study products,11,43.2,475.23,323.0,152.23,Online Payment,Bob,INV100523,2023-01
2023-09-13,East,Electronic Gadgets,182,51.78,9423.4,5940.82,3482.58,Online Payment,Diana,INV100524,2023-09
2023-01-12,North,Kids wear,19,32.04,608.81,379.5,229.31,Bank Transfer,Alice,INV100525,2023-01
2023-05-15,West,Toys,17,25.53,433.94,329.99,103.95,Cash,Alice,INV100526,2023-05
2023-10-06,South,Kids wear,32,94.77,3032.55,2450.97,581.58,Online Payment,Alice,INV100527,2023-10
2023-10-04,South,Toys,91,92.24,8393.82,5350.33,3043.49,Cash,Alice,INV100528,2023-10
2023-12-30,East,Toys,86,86.14,7407.62,5505.64,1901.98,Bank Transfer,Diana,INV100529,2023-12
2023-04-28,West,Toys,105,93.01,9765.65,7305.89,2459.76,Bank Transfer,Bob,INV100530,2023-04
2023-08-16,South,Toys,98,73.32,7185.14,5568.83,1616.31,Bank Transfer,Diana,INV100531,2023-08
2023-02-03,South,Kids wear,148,98.27,14544.29,10330.51,4213.78,Bank Transfer,Diana,INV100532,2023-02
2023-07-31,North,Kids wear,118,56.81,6703.86,4562.7,2141.16,Online Payment,Alice,INV100533,2023-07
2023-03-05,East,Study products,106,64.0,6783.58,5989.43,794.15,Cash,Diana,INV100534,2023-03
2023-01-17,East,Electronic Gadgets,33,36.27,1196.84,782.63,414.21,Cash,Alice,INV100535,2023-01
2023-03-09,West,Toys,54,64.79,3498.54,2249.63,1248.91,Bank Transfer,Bob,INV100536,2023-03
2023-01-05,West,Kids wear,133,76.88,10224.82,7954.1,2270.72,Bank Transfer,Diana,INV100537,2023-01
2023-01-08,East,Electronic Gadgets,158,40.56,6407.95,4520.07,1887.88,Credit Card,Diana,INV100538,2023-01
2023-02-10,North,Study products,66,90.93,6001.46,5328.73,672.73,Credit Card,Alice,INV100539,2023-02
2023-08-30,North,Toys,110,58.02,6381.95,5544.78,837.17,Credit Card,Charlie,INV100540,2023-08
2023-10-19,West,Toys,97,98.67,9571.39,6495.38,3076.01,Bank Transfer,Charlie,INV100541,2023-10
2023-04-16,West,Study products,138,50.54,6974.66,5470.24,1504.42,Bank Transfer,Charlie,INV100542,2023-04
2023-05-15,South,Kids wear,29,73.32,2126.42,1800.73,325.69,Bank Transfer,Diana,INV100543,2023-05
2023-12-31,East,Electronic Gadgets,163,81.54,13291.1,11313.61,1977.49,Online Payment,Bob,INV100544,2023-12
2023-07-25,East,Kids wear,59,59.92,3535.33,2688.51,846.82,Credit Card,Charlie,INV100545,2023-07
2023-03-16,North,Kids wear,21,29.81,626.09,539.89,86.2,Credit Card,Alice,INV100546,2023-03
2023-10-07,East,Electronic Gadgets,155,63.17,9791.56,7704.06,2087.5,Bank Transfer,Charlie,INV100547,2023-10
2023-11-17,West,Study products,93,30.74,2858.57,2243.57,615.0,Credit Card,Alice,INV100548,2023-11
2023-12-16,West,Kids wear,50,85.07,4253.45,3382.44,871.01,Cash,Charlie,INV100549,2023-12
2023-06-09,South,Electronic Gadgets,109,28.49,3105.25,2178.26,926.99,Cash,Alice,INV100550,2023-06
2023-05-29,North,Toys,72,24.89,1792.2,1300.12,492.08,Online Payment,Charlie,INV100551,2023-05
2023-06-11,North,Study products,74,31.16,2305.72,1850.77,454.95,Online Payment,Alice,INV100552,2023-06
2023-01-22,East,Electronic Gadgets,97,35.22,3415.89,2490.27,925.62,Online Payment,Charlie,INV100553,2023-01
2023-12-22,South,Kids wear,25,85.06,2126.43,1378.84,747.59,Cash,Alice,INV100554,2023-12
2023-02-13,East,Electronic Gadgets,125,23.95,2993.91,2121.03,872.88,Cash,Charlie,INV100555,2023-02
2023-11-27,North,Toys,178,76.5,13616.52,11100.89,2515.63,Online Payment,Charlie,INV100556,2023-11
2023-01-04,West,Kids wear,70,28.83,2018.01,1516.41,501.6,Credit Card,Bob,INV100557,2023-01
2023-04-17,West,Electronic Gadgets,173,54.72,9466.87,6066.54,3400.33,Bank Transfer,Bob,INV100558,2023-04
2023-03-29,West,Toys,87,20.54,1786.63,1554.68,231.95,Online Payment,Alice,INV100559,2023-03
2023-11-01,East,Electronic Gadgets,120,72.43,8691.62,6144.85,2546.77,Bank Transfer,Bob,INV100560,2023-11
2023-02-10,West,Toys,85,37.5,3187.4,2448.94,738.46,Credit Card,Bob,INV100561,2023-02
2023-08-23,West,Study products,16,32.14,514.21,448.78,65.43,Credit Card,Alice,INV100562,2023-08
2023-12-06,North,Toys,80,98.43,7874.19,5305.17,2569.02,Online Payment,Bob,INV100563,2023-12
2023-05-11,West,Toys,15,77.24,1158.58,796.82,361.76,Credit Card,Bob,INV100564,2023-05
2023-02-26,East,Electronic Gadgets,188,68.42,12862.21,11089.57,1772.64,Credit Card,Alice,INV100565,2023-02
2023-04-11,South,Study products,83,58.81,4881.5,3879.51,1001.99,Online Payment,Diana,INV100566,2023-04
2023-07-14,West,Toys,197,39.24,7730.18,5100.65,2629.53,Bank Transfer,Diana,INV100567,2023-07
2023-02-09,North,Kids wear,175,78.98,13821.96,9575.78,4246.18,Bank Transfer,Alice,INV100568,2023-02
2023-10-14,West,Electronic Gadgets,27,46.09,1244.54,1096.45,148.09,Cash,Bob,INV100569,2023-10
2023-09-28,East,Kids wear,144,41.74,6010.01,4635.99,1374.02,Online Payment,Charlie,INV100570,2023-09
2023-04-16,West,Electronic Gadgets,100,46.26,4626.06,3251.41,1374.65,Cash,Bob,INV100571,2023-04
2023-07-26,South,Kids wear,130,71.68,9318.88,6682.85,2636.03,Cash,Diana,INV100572,2023-07
2023-10-27,North,Kids wear,177,42.46,7514.6,4810.63,2703.97,Bank Transfer,Diana,INV100573,2023-10
2023-11-11,South,Electronic Gadgets,52,61.13,3178.74,2197.3,981.44,Online Payment,Diana,INV100574,2023-11
2023-05-04,West,Toys,72,61.3,4413.4,2744.11,1669.29,Credit Card,Bob,INV100575,2023-05
2023-03-24,South,Electronic Gadgets,100,77.42,7741.72,4894.52,2847.2,Credit Card,Diana,INV100576,2023-03
2023-12-04,South,Kids wear,11,88.77,976.45,783.13,193.32,Bank Transfer,Bob,INV100577,2023-12
2023-06-12,South,Study products,165,89.87,14829.24,10536.35,4292.89,Cash,Bob,INV100578,2023-06
2023-11-05,West,Electronic Gadgets,22,86.35,1899.59,1687.53,212.06,Credit Card,Charlie,INV100579,2023-11
2023-09-08,West,Kids wear,156,64.72,10095.58,7926.43,2169.15,Online Payment,Diana,INV100580,2023-09
2023-06-29,South,Toys,10,72.66,726.59,644.8,81.79,Cash,Bob,INV100581,2023-06
2023-07-27,South,Kids wear,34,45.47,1546.03,1225.13,320.9,Credit Card,Charlie,INV100582,2023-07
2023-08-07,East,Study products,72,74.92,5394.15,3662.49,1731.66,Bank Transfer,Bob,INV100583,2023-08
2023-11-19,North,Study products,126,86.3,10873.96,6592.72,4281.24,Credit Card,Alice,INV100584,2023-11
2023-11-28,West,Toys,154,20.43,3146.17,2183.31,962.86,Credit Card,Bob,INV100585,2023-11
2023-09-13,South,Toys,152,59.4,9028.13,7399.92,1628.21,Online Payment,Bob,INV100586,2023-09
2023-11-14,North,Toys,52,66.64,3465.41,2204.77,1260.64,Cash,Diana,INV100587,2023-11
2023-12-19,West,Study products,72,91.55,6591.72,4574.51,2017.21,Credit Card,Alice,INV100588,2023-12
2023-10-30,East,Toys,185,93.62,17320.3,11639.35,5680.95,Bank Transfer,Charlie,INV100589,2023-10
2023-02-01,West,Study products,129,44.76,5774.19,3567.48,2206.71,Bank Transfer,Alice,INV100590,2023-02
2023-09-11,North,Study products,165,65.03,10729.62,6870.35,3859.27,Online Payment,Charlie,INV100591,2023-09
2023-02-02,North,Electronic Gadgets,158,45.84,7243.34,5507.58,1735.76,Credit Card,Diana,INV100592,2023-02
2023-11-30,East,Study products,16,56.89,910.32,629.06,281.26,Online Payment,Alice,INV100593,2023-11
2023-12-21,East,Toys,178,29.88,5318.18,3888.54,1429.64,Bank Transfer,Bob,INV100594,2023-12
2023-04-29,South,Study products,19,77.89,1479.92,1120.47,359.45,Online Payment,Bob,INV100595,2023-04
2023-02-17,East,Kids wear,74,34.45,2549.58,1589.14,960.44,Cash,Charlie,INV100596,2023-02
2023-03-22,East,Study products,123,90.68,11154.01,9047.31,2106.7,Bank Transfer,Alice,INV100597,2023-03
2023-09-27,West,Electronic Gadgets,113,76.95,8695.29,5998.09,2697.2,Bank Transfer,Diana,INV100598,2023-09
2023-01-18,North,Study products,16,40.51,648.09,526.39,121.7,Cash,Diana,INV100599,2023-01
2023-08-02,North,Toys,127,95.81,12168.28,7337.95,4830.33,Cash,Bob,INV100600,2023-08
2023-02-24,North,Study products,115,94.93,10916.94,8765.57,2151.37,Cash,Alice,INV100601,2023-02
2023-05-07,North,Toys,159,47.98,7629.29,6176.1,1453.19,Bank Transfer,Diana,INV100602,2023-05
2023-07-03,South,Kids wear,52,59.71,3104.94,2288.79,816.15,Bank Transfer,Diana,INV100603,2023-07
2023-03-15,East,Toys,195,82.43,16072.96,10790.19,5282.77,Cash,Bob,INV100604,2023-03
2023-02-10,West,Study products,101,72.35,7307.6,5498.04,1809.56,Online Payment,Diana,INV100605,2023-02
2023-10-04,North,Study products,15,79.31,1189.66,1036.01,153.65,Credit Card,Charlie,INV100606,2023-10
2023-09-24,South,Electronic Gadgets,28,79.72,2232.24,1840.54,391.7,Credit Card,Bob,INV100607,2023-09
2023-01-16,East,Study products,165,45.22,7460.62,6375.24,1085.38,Cash,Diana,INV100608,2023-01
2023-10-03,North,Toys,60,43.74,2624.41,2167.57,456.84,Bank Transfer,Bob,INV100609,2023-10
2023-04-08,West,Kids wear,178,78.34,13943.9,8663.95,5279.95,Credit Card,Diana,INV100610,2023-04
2023-08-24,North,Study products,118,77.25,9115.71,7735.22,1380.49,Bank Transfer,Diana,INV100611,2023-08
2023-08-13,West,Electronic Gadgets,98,31.25,3062.61,1949.68,1112.93,Cash,Alice,INV100612,2023-08
2023-08-08,North,Toys,187,69.21,12942.33,9885.08,3057.25,Credit Card,Charlie,INV100613,2023-08
2023-09-30,South,Kids wear,101,51.97,5248.47,3747.3,1501.17,Online Payment,Bob,INV100614,2023-09
2023-02-24,North,Kids wear,181,43.88,7942.0,6900.07,1041.93,Bank Transfer,Alice,INV100615,2023-02
2023-04-12,West,Kids wear,68,83.19,5656.94,3839.68,1817.26,Online Payment,Alice,INV100616,2023-04
2023-03-11,North,Electronic Gadgets,195,72.54,14144.48,10939.78,3204.7,Bank Transfer,Charlie,INV100617,2023-03
2023-12-18,North,Electronic Gadgets,28,33.13,927.62,793.52,134.1,Credit Card,Charlie,INV100618,2023-12
2023-10-04,North,Electronic Gadgets,41,38.92,1595.7,1260.75,334.95,Cash,Diana,INV100619,2023-10
2023-03-01,East,Electronic Gadgets,62,72.27,4480.79,3413.91,1066.88,Online Payment,Diana,INV100620,2023-03
2023-01-27,North,Electronic Gadgets,148,31.18,4615.36,4007.19,608.17,Bank Transfer,Bob,INV100621,2023-01
2023-12-01,East,Electronic Gadgets,105,62.72,6585.28,4712.36,1872.92,Online Payment,Alice,INV100622,2023-12
2023-09-11,West,Kids wear,27,77.25,2085.64,1706.58,379.06,Credit Card,Bob,INV100623,2023-09
2023-02-13,North,Kids wear,10,48.69,486.87,318.71,168.16,Credit Card,Diana,INV100624,2023-02
2023-08-02,North,Kids wear,113,46.13,5212.26,4633.78,578.48,Online Payment,Bob,INV100625,2023-08
2023-07-10,North,Study products,128,89.27,11426.05,7521.24,3904.81,Bank Transfer,Charlie,INV100626,2023-07
2023-07-23,South,Toys,89,34.35,3056.75,2242.1,814.65,Online Payment,Diana,INV100627,2023-07
2023-08-27,North,Kids wear,161,91.49,14729.37,9872.99,4856.38,Cash,Bob,INV100628,2023-08
2023-01-23,South,Electronic Gadgets,106,83.0,8797.56,7286.14,1511.42,Credit Card,Alice,INV100629,2023-01
2023-12-07,West,Study products,69,48.92,3375.65,2705.24,670.41,Cash,Bob,INV100630,2023-12
2023-07-09,North,Study products,129,33.2,4283.32,3454.11,829.21,Bank Transfer,Bob,INV100631,2023-07
2023-01-06,East,Study products,49,39.29,1925.04,1165.5,759.54,Online Payment,Charlie,INV100632,2023-01
2023-12-25,West,Study products,46,90.0,4140.15,3550.44,589.71,Bank Transfer,Charlie,INV100633,2023-12
2023-04-04,North,Kids wear,153,91.07,13934.16,11674.35,2259.81,Credit Card,Charlie,INV100634,2023-04
2023-03-07,South,Toys,107,57.82,6186.36,4560.32,1626.04,Online Payment,Diana,INV100635,2023-03
2023-08-08,East,Electronic Gadgets,26,63.91,1661.79,1419.43,242.36,Online Payment,Alice,INV100636,2023-08
2023-03-17,West,Electronic Gadgets,160,26.18,4189.55,2698.43,1491.12,Online Payment,Bob,INV100637,2023-03
2023-09-16,East,Study products,50,96.45,4822.37,4156.93,665.44,Cash,Bob,INV100638,2023-09
2023-12-12,East,Electronic Gadgets,13,35.71,464.25,405.05,59.2,Online Payment,Alice,INV100639,2023-12
2023-07-31,West,Electronic Gadgets,196,87.04,17060.82,12394.5,4666.32,Credit Card,Alice,INV100640,2023-07
2023-10-28,West,Electronic Gadgets,194,74.09,14373.7,11457.37,2916.33,Bank Transfer,Charlie,INV100641,2023-10
2023-08-06,South,Study products,102,46.38,4730.97,3032.82,1698.15,Credit Card,Bob,INV100642,2023-08
2023-04-13,West,Electronic Gadgets,80,40.51,3240.79,2436.47,804.32,Online Payment,Charlie,INV100643,2023-04
2023-02-21,North,Toys,66,63.55,4194.22,3091.88,1102.34,Bank Transfer,Bob,INV100644,2023-02
2023-10-28,North,Electronic Gadgets,17,58.11,987.83,827.86,159.97,Cash,Charlie,INV100645,2023-10
2023-08-26,North,Electronic Gadgets,116,50.18,5820.76,3595.59,2225.17,Credit Card,Charlie,INV100646,2023-08
2023-06-13,West,Kids wear,38,34.12,1296.69,1138.61,158.08,Cash,Alice,INV100647,2023-06
2023-11-30,East,Toys,95,45.93,4363.5,3519.95,843.55,Bank Transfer,Diana,INV100648,2023-11
2023-09-11,West,Toys,60,68.3,4097.79,3567.19,530.6,Credit Card,Bob,INV100649,2023-09
2023-12-24,East,Toys,157,63.05,9898.99,8649.87,1249.12,Credit Card,Charlie,INV100650,2023-12
2023-06-07,North,Kids wear,150,64.36,9654.24,6838.49,2815.75,Online Payment,Alice,INV100651,2023-06
2023-12-07,South,Kids wear,182,52.04,9471.08,8523.38,947.7,Bank Transfer,Diana,INV100652,2023-12
2023-05-09,West,Electronic Gadgets,107,66.95,7163.16,4979.79,2183.37,Cash,Alice,INV100653,2023-05
2023-07-25,North,Study products,11,64.76,712.41,504.98,207.43,Online Payment,Charlie,INV100654,2023-07
2023-03-19,North,Kids wear,72,88.8,6393.52,4116.71,2276.81,Cash,Alice,INV100655,2023-03
2023-04-08,East,Kids wear,148,92.06,13624.14,9232.71,4391.43,Bank Transfer,Diana,INV100656,2023-04
2023-05-11,West,Kids wear,181,60.28,10911.53,8895.0,2016.53,Cash,Charlie,INV100657,2023-05
2023-09-21,West,Study products,88,58.99,5190.84,3453.94,1736.9,Cash,Bob,INV100658,2023-09
2023-08-22,North,Toys,41,53.13,2178.23,1543.37,634.86,Online Payment,Diana,INV100659,2023-08
2023-11-07,West,Electronic Gadgets,122,24.08,2937.57,2365.41,572.16,Online Payment,Charlie,INV100660,2023-11
2023-11-16,North,Kids wear,135,23.65,3192.27,2364.97,827.3,Online Payment,Diana,INV100661,2023-11
2023-09-19,South,Toys,87,21.84,1900.15,1578.66,321.49,Credit Card,Alice,INV100662,2023-09
2023-03-03,South,Toys,126,85.6,10785.53,9366.7,1418.83,Online Payment,Bob,INV100663,2023-03
2023-08-30,North,Electronic Gadgets,37,46.93,1736.54,1405.47,331.07,Cash,Bob,INV100664,2023-08
2023-06-21,North,Study products,10,57.9,579.03,400.28,178.75,Online Payment,Alice,INV100665,2023-06
2023-08-11,East,Electronic Gadgets,19,39.65,753.26,601.13,152.13,Online Payment,Bob,INV100666,2023-08
2023-02-17,South,Electronic Gadgets,29,68.37,1982.66,1643.02,339.64,Cash,Bob,INV100667,2023-02
2023-01-09,West,Kids wear,91,50.18,4566.39,3206.2,1360.19,Cash,Charlie,INV100668,2023-01
2023-05-08,South,Toys,190,68.54,13022.58,10689.07,2333.51,Online Payment,Charlie,INV100669,2023-05
2023-04-20,South,Electronic Gadgets,19,49.23,935.43,792.07,143.36,Online Payment,Charlie,INV100670,2023-04
2023-06-14,West,Kids wear,44,51.64,2272.37,1768.29,504.08,Bank Transfer,Alice,INV100671,2023-06
2023-01-13,East,Electronic Gadgets,28,97.65,2734.22,2273.22,461.0,Online Payment,Charlie,INV100672,2023-01
2023-05-22,South,Kids wear,164,61.29,10052.04,8184.82,1867.22,Cash,Charlie,INV100673,2023-05
2023-07-27,South,Electronic Gadgets,140,76.48,10707.45,7289.21,3418.24,Cash,Bob,INV100674,2023-07
2023-02-27,South,Kids wear,146,57.25,8358.57,7260.64,1097.93,Online Payment,Bob,INV100675,2023-02
2023-07-02,West,Study products,23,87.26,2007.06,1526.49,480.57,Bank Transfer,Alice,INV100676,2023-07
2023-12-08,South,Toys,102,50.24,5124.38,3481.71,1642.67,Credit Card,Charlie,INV100677,2023-12
2023-12-20,South,Toys,81,93.08,7539.83,6567.26,972.57,Credit Card,Bob,INV100678,2023-12
2023-09-23,South,Kids wear,13,35.22,457.87,309.77,148.1,Cash,Bob,INV100679,2023-09
2023-02-18,North,Electronic Gadgets,116,96.46,11189.63,9358.61,1831.02,Credit Card,Alice,INV100680,2023-02
2023-12-28,East,Study products,102,81.37,8299.65,5220.65,3079.0,Credit Card,Alice,INV100681,2023-12
2023-12-22,East,Study products,114,95.84,10925.62,7311.9,3613.72,Credit Card,Bob,INV100682,2023-12
2023-10-09,East,Kids wear,169,85.46,14442.62,11524.93,2917.69,Cash,Diana,INV100683,2023-10
2023-04-07,West,Kids wear,24,96.19,2308.45,1736.73,571.72,Online Payment,Bob,INV100684,2023-04
2023-10-29,South,Kids wear,74,51.1,3781.2,2652.59,1128.61,Bank Transfer,Diana,INV100685,2023-10
2023-05-04,North,Study products,38,96.44,3664.87,2312.07,1352.8,Cash,Diana,INV100686,2023-05
2023-07-03,North,Study products,88,43.33,3812.88,3036.82,776.06,Cash,Alice,INV100687,2023-07
2023-12-28,East,Study products,128,51.06,6535.62,4624.97,1910.65,Credit Card,Charlie,INV100688,2023-12
2023-05-09,East,Kids wear,58,94.56,5484.22,3665.91,1818.31,Credit Card,Bob,INV100689,2023-05
2023-07-02,South,Electronic Gadgets,10,35.84,358.41,315.41,43.0,Online Payment,Bob,INV100690,2023-07
2023-12-10,North,Study products,85,24.33,2067.81,1748.41,319.4,Credit Card,Bob,INV100691,2023-12
2023-02-14,North,Toys,104,20.67,2149.75,1405.17,744.58,Credit Card,Diana,INV100692,2023-02
2023-04-13,West,Study products,39,48.38,1886.65,1159.35,727.3,Credit Card,Bob,INV100693,2023-04
2023-02-13,South,Electronic Gadgets,153,43.61,6671.87,4093.71,2578.16,Cash,Charlie,INV100694,2023-02
2023-01-11,West,Kids wear,132,71.64,9455.95,7974.99,1480.96,Online Payment,Diana,INV100695,2023-01
2023-11-27,South,Toys,73,93.28,6809.59,5700.25,1109.34,Credit Card,Charlie,INV100696,2023-11
2023-03-05,West,Study products,123,71.23,8761.63,6057.29,2704.34,Cash,Bob,INV100697,2023-03
2023-10-19,East,Kids wear,61,30.24,1844.94,1641.61,203.33,Cash,Bob,INV100698,2023-10
2023-12-01,North,Study products,42,53.13,2231.66,1813.23,418.43,Cash,Charlie,INV100699,2023-12
2023-03-06,East,Toys,136,39.55,5378.47,4766.11,612.36,Cash,Diana,INV100700,2023-03
2023-10-06,West,Study products,149,69.67,10380.59,9152.87,1227.72,Online Payment,Charlie,INV100701,2023-10
2023-05-22,North,Kids wear,97,80.64,7822.52,5442.64,2379.88,Bank Transfer,Alice,INV100702,2023-05
2023-06-16,North,Study products,10,88.06,880.59,650.06,230.53,Cash,Charlie,INV100703,2023-06
2023-02-28,South,Study products,140,35.39,4953.95,3473.94,1480.01,Credit Card,Charlie,INV100704,2023-02
2023-05-07,South,Electronic Gadgets,149,23.02,3430.2,2808.74,621.46,Bank Transfer,Bob,INV100705,2023-05
2023-10-11,West,Electronic Gadgets,14,72.21,1010.93,684.87,326.06,Cash,Alice,INV100706,2023-10
2023-07-24,North,Electronic Gadgets,52,63.61,3307.73,2014.07,1293.66,Cash,Alice,INV100707,2023-07
2023-05-26,South,Toys,39,96.36,3758.19,2405.53,1352.66,Online Payment,Charlie,INV100708,2023-05
2023-07-23,East,Electronic Gadgets,161,56.62,9115.15,5882.66,3232.49,Bank Transfer,Bob,INV100709,2023-07
2023-09-19,South,Kids wear,61,58.41,3563.18,2139.06,1424.12,Credit Card,Alice,INV100710,2023-09
2023-06-07,East,Kids wear,188,75.46,14186.7,9087.54,5099.16,Cash,Diana,INV100711,2023-06
2023-02-06,North,Kids wear,193,51.77,9991.5,6290.65,3700.85,Credit Card,Diana,INV100712,2023-02
2023-01-30,South,Study products,163,62.3,10154.53,6158.44,3996.09,Bank Transfer,Diana,INV100713,2023-01
2023-02-18,North,Study products,159,62.91,10002.24,6464.55,3537.69,Online Payment,Alice,INV100714,2023-02
2023-01-27,East,Kids wear,107,79.85,8543.69,6195.21,2348.48,Bank Transfer,Charlie,INV100715,2023-01
2023-03-27,West,Toys,74,28.18,2085.42,1603.24,482.18,Cash,Alice,INV100716,2023-03
2023-01-10,West,Toys,26,40.81,1061.06,835.78,225.28,Bank Transfer,Charlie,INV100717,2023-01
2023-01-17,North,Electronic Gadgets,133,20.44,2717.87,2355.28,362.59,Online Payment,Charlie,INV100718,2023-01
2023-02-03,East,Toys,192,70.82,13598.35,11402.19,2196.16,Bank Transfer,Alice,INV100719,2023-02
2023-02-10,East,Kids wear,128,91.59,11723.61,9886.22,1837.39,Bank Transfer,Diana,INV100720,2023-02
2023-07-23,South,Toys,121,82.11,9935.61,8583.99,1351.62,Credit Card,Alice,INV100721,2023-07
2023-06-09,North,Study products,103,88.53,9118.66,7568.89,1549.77,Online Payment,Diana,INV100722,2023-06
2023-05-22,East,Study products,177,23.29,4121.57,3658.11,463.46,Bank Transfer,Bob,INV100723,2023-05
2023-07-01,East,Electronic Gadgets,141,22.47,3168.12,2054.97,1113.15,Credit Card,Diana,INV100724,2023-07
2023-08-01,East,Study products,110,33.77,3714.98,2583.9,1131.08,Online Payment,Alice,INV100725,2023-08
2023-05-09,North,Toys,100,40.91,4091.41,2645.87,1445.54,Online Payment,Diana,INV100726,2023-05
2023-05-31,North,Study products,46,25.98,1195.21,735.74,459.47,Online Payment,Alice,INV100727,2023-05
2023-01-26,North,Study products,10,29.78,297.75,241.45,56.3,Bank Transfer,Diana,INV100728,2023-01
2023-07-08,South,Kids wear,196,81.48,15971.01,12045.37,3925.64,Bank Transfer,Charlie,INV100729,2023-07
2023-11-21,East,Toys,187,74.09,13855.31,11378.03,2477.28,Online Payment,Alice,INV100730,2023-11
2023-05-24,North,Toys,112,32.55,3645.91,2883.76,762.15,Credit Card,Diana,INV100731,2023-05
2023-04-15,South,Study products,35,95.9,3356.43,2713.16,643.27,Bank Transfer,Bob,INV100732,2023-04
2023-03-20,West,Toys,75,64.06,4804.67,3021.97,1782.7,Cash,Bob,INV100733,2023-03
2023-02-25,South,Electronic Gadgets,162,61.56,9973.06,6550.68,3422.38,Cash,Alice,INV100734,2023-02
2023-09-08,West,Study products,51,22.01,1122.5,1008.85,113.65,Bank Transfer,Bob,INV100735,2023-09
2023-03-01,East,Electronic Gadgets,137,83.07,11381.13,9909.12,1472.01,Credit Card,Bob,INV100736,2023-03
2023-05-05,East,Kids wear,39,87.99,3431.75,2095.54,1336.21,Cash,Bob,INV100737,2023-05
2023-01-25,East,Kids wear,100,35.23,3523.36,2302.87,1220.49,Cash,Diana,INV100738,2023-01
2023-11-04,East,Toys,146,80.37,11734.38,8074.36,3660.02,Cash,Diana,INV100739,2023-11
2023-08-19,South,Toys,161,53.12,8552.11,5249.54,3302.57,Bank Transfer,Diana,INV100740,2023-08
2023-06-18,South,Toys,111,75.13,8339.04,6702.18,1636.86,Credit Card,Charlie,INV100741,2023-06
2023-03-26,West,Study products,53,37.54,1989.73,1215.61,774.12,Credit Card,Bob,INV100742,2023-03
2023-12-01,West,Toys,115,84.12,9673.48,8382.36,1291.12,Online Payment,Bob,INV100743,2023-12
2023-08-22,West,Electronic Gadgets,174,74.58,12977.03,10626.71,2350.32,Online Payment,Charlie,INV100744,2023-08
2023-07-07,South,Kids wear,87,20.02,1742.02,1271.97,470.05,Bank Transfer,Charlie,INV100745,2023-07
2023-09-21,East,Study products,193,63.26,12208.83,9919.92,2288.91,Online Payment,Charlie,INV100746,2023-09
2023-08-08,North,Electronic Gadgets,54,73.68,3978.46,2489.82,1488.64,Bank Transfer,Charlie,INV100747,2023-08
2023-05-27,North,Electronic Gadgets,50,82.45,4122.5,2577.04,1545.46,Online Payment,Diana,INV100748,2023-05
2023-08-23,West,Study products,179,97.08,17376.95,12566.31,4810.64,Cash,Alice,INV100749,2023-08
2023-03-29,East,Study products,109,41.06,4475.51,3535.76,939.75,Cash,Bob,INV100750,2023-03
2023-12-01,East,Kids wear,15,37.63,564.5,351.89,212.61,Bank Transfer,Alice,INV100751,2023-12
2023-05-11,East,Kids wear,99,33.68,3334.32,2481.04,853.28,Credit Card,Diana,INV100752,2023-05
2023-01-21,South,Study products,200,82.68,16535.23,10549.88,5985.35,Online Payment,Charlie,INV100753,2023-01
2023-03-24,North,Study products,46,79.67,3664.8,2871.38,793.42,Bank Transfer,Bob,INV100754,2023-03
2023-07-16,North,Kids wear,73,92.5,6752.24,5379.09,1373.15,Bank Transfer,Bob,INV100755,2023-07
2023-06-19,East,Electronic Gadgets,135,25.03,3378.75,2627.46,751.29,Credit Card,Diana,INV100756,2023-06
2023-09-02,North,Kids wear,158,31.72,5012.36,3197.17,1815.19,Credit Card,Bob,INV100757,2023-09
2023-04-18,North,Kids wear,62,56.56,3506.98,2861.84,645.14,Online Payment,Bob,INV100758,2023-04
2023-01-13,North,Electronic Gadgets,133,74.44,9900.2,8031.17,1869.03,Bank Transfer,Diana,INV100759,2023-01
2023-06-02,West,Kids wear,144,90.34,13008.5,8303.57,4704.93,Cash,Charlie,INV100760,2023-06
2023-02-03,West,Study products,105,76.75,8058.68,6006.18,2052.5,Online Payment,Alice,INV100761,2023-02
2023-07-25,North,Study products,89,85.91,7646.11,5056.92,2589.19,Bank Transfer,Diana,INV100762,2023-07
2023-05-18,North,Toys,54,83.4,4503.87,3720.44,783.43,Online Payment,Alice,INV100763,2023-05
2023-04-07,South,Toys,92,30.06,2765.98,2377.8,388.18,Bank Transfer,Charlie,INV100764,2023-04
2023-09-29,South,Kids wear,200,91.21,18241.82,11854.54,6387.28,Bank Transfer,Charlie,INV100765,2023-09
2023-02-10,North,Electronic Gadgets,50,45.65,2282.26,1950.56,331.7,Bank Transfer,Diana,INV100766,2023-02
2023-10-22,North,Electronic Gadgets,48,31.18,1496.58,1268.07,228.51,Bank Transfer,Charlie,INV100767,2023-10
2023-10-15,West,Electronic Gadgets,37,86.68,3207.15,2079.83,1127.32,Bank Transfer,Bob,INV100768,2023-10
2023-02-19,West,Electronic Gadgets,113,65.02,7347.05,5435.17,1911.88,Online Payment,Charlie,INV100769,2023-02
2023-08-21,East,Kids wear,137,45.81,6276.58,5334.3,942.28,Online Payment,Alice,INV100770,2023-08
2023-11-29,South,Kids wear,42,41.2,1730.24,1364.48,365.76,Credit Card,Charlie,INV100771,2023-11
2023-09-13,North,Toys,95,25.84,2454.48,2023.43,431.05,Cash,Charlie,INV100772,2023-09
2024-01-01,South,Toys,106,54.48,5774.51,4282.96,1491.55,Online Payment,Alice,INV100773,2024-01
2023-01-27,West,Study products,58,42.32,2454.6,1711.56,743.04,Credit Card,Bob,INV100774,2023-01
2023-01-18,South,Toys,157,49.42,7758.99,6471.51,1287.48,Credit Card,Alice,INV100775,2023-01
2023-04-25,West,Toys,40,45.23,1809.27,1338.67,470.6,Online Payment,Alice,INV100776,2023-04
2023-02-09,West,Electronic Gadgets,114,36.57,4169.49,2848.18,1321.31,Cash,Diana,INV100777,2023-02
2023-07-02,South,Study products,15,53.59,803.83,538.71,265.12,Cash,Alice,INV100778,2023-07
2023-02-07,South,Study products,97,89.11,8643.79,5738.86,2904.93,Online Payment,Diana,INV100779,2023-02
2023-11-22,East,Toys,196,77.78,15244.44,10837.9,4406.54,Online Payment,Diana,INV100780,2023-11
2023-07-04,North,Electronic Gadgets,108,42.82,4624.12,3642.07,982.05,Credit Card,Charlie,INV100781,2023-07
2023-12-31,South,Kids wear,185,31.61,5847.88,4731.39,1116.49,Bank Transfer,Charlie,INV100782,2023-12
2023-08-13,West,Kids wear,138,47.96,6617.89,4470.14,2147.75,Bank Transfer,Diana,INV100783,2023-08
2023-04-11,South,Toys,135,35.75,4825.85,3785.54,1040.31,Bank Transfer,Charlie,INV100784,2023-04
2023-03-30,West,Toys,25,63.99,1599.77,1211.47,388.3,Bank Transfer,Diana,INV100785,2023-03
2023-07-09,North,Study products,180,74.77,13458.71,8607.76,4850.95,Cash,Alice,INV100786,2023-07
2023-07-28,South,Toys,156,94.02,14667.78,10078.44,4589.34,Bank Transfer,Alice,INV100787,2023-07
2023-01-06,East,Electronic Gadgets,185,36.29,6713.96,5987.13,726.83,Cash,Charlie,INV100788,2023-01
2023-02-16,West,Toys,88,63.95,5627.88,4692.82,935.06,Credit Card,Bob,INV100789,2023-02
2023-09-28,South,Toys,115,96.24,11067.69,9746.79,1320.9,Cash,Diana,INV100790,2023-09
2023-05-31,North,Electronic Gadgets,61,58.69,3580.2,3087.72,492.48,Credit Card,Alice,INV100791,2023-05
2023-01-18,East,Electronic Gadgets,89,65.84,5859.76,4406.79,1452.97,Bank Transfer,Alice,INV100792,2023-01
2023-12-12,West,Study products,15,33.74,506.1,442.55,63.55,Bank Transfer,Bob,INV100793,2023-12
2023-12-25,South,Kids wear,110,88.79,9767.0,6126.2,3640.8,Bank Transfer,Charlie,INV100794,2023-12
2023-08-09,North,Study products,93,31.92,2968.91,2441.63,527.28,Credit Card,Diana,INV100795,2023-08
2023-12-08,South,Toys,113,81.77,9240.24,7541.3,1698.94,Cash,Diana,INV100796,2023-12
2023-10-21,East,Toys,128,21.82,2792.7,1915.63,877.07,Online Payment,Charlie,INV100797,2023-10
2023-05-20,North,Toys,156,57.59,8984.22,6667.37,2316.85,Credit Card,Diana,INV100798,2023-05
2023-04-23,East,Kids wear,64,28.37,1815.98,1159.09,656.89,Credit Card,Bob,INV100799,2023-04
2023-10-22,East,Kids wear,132,96.39,12724.08,9315.44,3408.64,Online Payment,Charlie,INV100800,2023-10
2023-07-24,West,Study products,102,48.42,4939.01,3724.95,1214.06,Cash,Diana,INV100801,2023-07
2023-06-27,South,Toys,45,91.91,4135.9,3140.82,995.08,Online Payment,Charlie,INV100802,2023-06
2023-07-14,South,Kids wear,58,93.1,5399.69,3604.82,1794.87,Credit Card,Charlie,INV100803,2023-07
2023-06-06,West,Kids wear,144,60.0,8639.74,6763.86,1875.88,Credit Card,Diana,INV100804,2023-06
2023-03-03,East,Kids wear,139,76.98,10699.7,8789.53,1910.17,Bank Transfer,Charlie,INV100805,2023-03
2023-05-09,West,Electronic Gadgets,187,45.67,8539.49,7662.51,876.98,Cash,Alice,INV100806,2023-05
2023-06-21,North,Electronic Gadgets,185,91.56,16938.39,11732.53,5205.86,Credit Card,Diana,INV100807,2023-06
2023-10-29,South,Electronic Gadgets,157,24.99,3924.18,2541.39,1382.79,Credit Card,Charlie,INV100808,2023-10
2023-01-10,East,Toys,27,59.24,1599.57,1212.59,386.98,Credit Card,Bob,INV100809,2023-01
2023-12-11,North,Study products,18,66.98,1205.56,824.68,380.88,Cash,Bob,INV100810,2023-12
2023-07-13,South,Study products,142,60.63,8608.96,7270.16,1338.8,Bank Transfer,Alice,INV100811,2023-07
2023-08-20,East,Toys,120,46.67,5600.71,4949.61,651.1,Credit Card,Bob,INV100812,2023-08
2023-06-24,West,Toys,180,59.48,10706.09,9019.79,1686.3,Bank Transfer,Charlie,INV100813,2023-06
2023-06-27,West,Study products,164,46.79,7673.39,5293.71,2379.68,Online Payment,Bob,INV100814,2023-06
2023-08-30,East,Kids wear,17,78.54,1335.13,906.03,429.1,Credit Card,Diana,INV100815,2023-08
2023-03-02,North,Study products,22,54.38,1196.25,979.71,216.54,Bank Transfer,Alice,INV100816,2023-03
2023-03-20,East,Toys,151,79.97,12075.92,9462.17,2613.75,Bank Transfer,Charlie,INV100817,2023-03
2023-04-07,North,Electronic Gadgets,108,60.16,6496.79,4969.83,1526.96,Cash,Charlie,INV100818,2023-04
2023-03-16,West,Kids wear,12,62.57,750.88,490.06,260.82,Cash,Bob,INV100819,2023-03
2023-09-13,East,Toys,17,67.47,1146.93,697.01,449.92,Online Payment,Diana,INV100820,2023-09
2023-05-08,South,Study products,46,75.23,3460.7,2596.94,863.76,Cash,Diana,INV100821,2023-05
2023-02-19,West,Toys,154,29.2,4496.72,3344.83,1151.89,Cash,Charlie,INV100822,2023-02
2023-09-13,South,Electronic Gadgets,78,57.43,4479.57,3103.31,1376.26,Credit Card,Bob,INV100823,2023-09
2023-10-11,East,Toys,77,48.29,3718.21,2418.2,1300.01,Credit Card,Diana,INV100824,2023-10
2023-03-09,West,Study products,161,40.36,6497.89,4703.98,1793.91,Bank Transfer,Charlie,INV100825,2023-03
2023-09-22,North,Study products,13,94.58,1229.48,1015.35,214.13,Bank Transfer,Charlie,INV100826,2023-09
2023-06-18,North,Study products,27,52.54,1418.54,1213.5,205.04,Bank Transfer,Diana,INV100827,2023-06
2023-03-18,West,Electronic Gadgets,122,72.02,8786.77,7460.14,1326.63,Online Payment,Charlie,INV100828,2023-03
2023-01-31,North,Toys,83,28.29,2347.9,1819.24,528.66,Bank Transfer,Alice,INV100829,2023-01
2023-12-10,East,Study products,122,69.87,8524.75,7302.49,1222.26,Online Payment,Charlie,INV100830,2023-12
2023-10-16,East,Electronic Gadgets,84,73.24,6152.16,4367.85,1784.31,Credit Card,Charlie,INV100831,2023-10
2023-02-22,North,Toys,29,72.1,2090.88,1773.27,317.61,Credit Card,Bob,INV100832,2023-02
2023-11-09,East,Electronic Gadgets,177,83.88,14846.69,9562.82,5283.87,Credit Card,Diana,INV100833,2023-11
2023-11-28,South,Toys,184,23.95,4407.49,3803.97,603.52,Bank Transfer,Bob,INV100834,2023-11
2023-07-10,South,Electronic Gadgets,137,23.92,3277.38,1998.84,1278.54,Online Payment,Alice,INV100835,2023-07
2023-12-19,West,Study products,185,25.85,4781.86,4218.57,563.29,Online Payment,Alice,INV100836,2023-12
2023-03-14,East,Toys,45,83.28,3747.48,2484.28,1263.2,Online Payment,Charlie,INV100837,2023-03
2023-05-21,West,Study products,198,95.98,19004.34,13611.71,5392.63,Online Payment,Diana,INV100838,2023-05
2023-09-29,North,Electronic Gadgets,169,50.64,8558.2,6167.78,2390.42,Cash,Bob,INV100839,2023-09
2023-02-08,North,Study products,176,90.52,15932.18,11819.36,4112.82,Cash,Bob,INV100840,2023-02
2023-02-16,South,Kids wear,15,46.47,697.04,475.01,222.03,Cash,Charlie,INV100841,2023-02
2023-08-29,West,Toys,50,93.72,4686.14,3944.92,741.22,Cash,Charlie,INV100842,2023-08
2023-02-03,South,Kids wear,139,83.21,11566.85,10295.36,1271.49,Bank Transfer,Diana,INV100843,2023-02
2023-10-10,East,Study products,160,42.09,6733.69,5661.93,1071.76,Cash,Charlie,INV100844,2023-10
2023-12-31,East,Study products,118,93.79,11067.57,6955.02,4112.55,Online Payment,Alice,INV100845,2023-12
2023-08-30,West,Toys,21,64.61,1356.78,1139.33,217.45,Credit Card,Diana,INV100846,2023-08
2023-10-14,South,Electronic Gadgets,48,36.96,1774.11,1398.67,375.44,Credit Card,Charlie,INV100847,2023-10
2023-06-24,East,Toys,126,29.66,3737.48,3061.34,676.14,Cash,Diana,INV100848,2023-06
2023-07-24,North,Study products,49,66.83,3274.68,2901.04,373.64,Online Payment,Bob,INV100849,2023-07
2023-10-18,South,Toys,93,72.89,6778.92,5387.17,1391.75,Credit Card,Charlie,INV100850,2023-10
2023-03-09,North,Study products,35,93.54,3273.8,2570.96,702.84,Bank Transfer,Alice,INV100851,2023-03
2023-11-18,West,Electronic Gadgets,128,71.48,9149.43,6138.75,3010.68,Cash,Diana,INV100852,2023-11
2023-08-07,South,Study products,90,75.35,6781.41,4848.64,1932.77,Bank Transfer,Charlie,INV100853,2023-08
2023-11-23,North,Electronic Gadgets,23,75.85,1744.51,1181.76,562.75,Bank Transfer,Alice,INV100854,2023-11
2023-04-01,South,Electronic Gadgets,91,25.27,2299.75,1682.12,617.63,Cash,Charlie,INV100855,2023-04
2023-08-16,North,Toys,98,68.19,6682.95,5968.8,714.15,Credit Card,Bob,INV100856,2023-08
2023-07-08,East,Toys,70,65.64,4594.52,2799.9,1794.62,Bank Transfer,Diana,INV100857,2023-07
2023-04-27,South,Electronic Gadgets,130,23.69,3080.0,2475.52,604.48,Bank Transfer,Diana,INV100858,2023-04
2023-07-22,North,Study products,164,23.15,3795.87,2345.89,1449.98,Online Payment,Alice,INV100859,2023-07
2023-10-13,East,Toys,38,42.82,1627.26,1368.84,258.42,Cash,Charlie,INV100860,2023-10
2023-04-22,South,Toys,26,59.27,1541.06,1359.11,181.95,Cash,Alice,INV100861,2023-04
2023-10-22,West,Toys,170,58.99,10028.24,6253.49,3774.75,Bank Transfer,Diana,INV100862,2023-10
2023-01-08,North,Study products,196,58.75,11515.53,7281.66,4233.87,Cash,Charlie,INV100863,2023-01
2023-11-13,North,Electronic Gadgets,57,78.69,4485.13,3444.42,1040.71,Cash,Diana,INV100864,2023-11
2023-04-30,North,Kids wear,157,80.36,12616.41,8463.56,4152.85,Credit Card,Charlie,INV100865,2023-04
2023-08-17,North,Toys,99,48.35,4786.65,3562.88,1223.77,Credit Card,Charlie,INV100866,2023-08
2023-03-01,East,Electronic Gadgets,21,27.3,573.33,409.68,163.65,Cash,Diana,INV100867,2023-03
2023-05-02,East,Kids wear,65,70.94,4610.86,3603.58,1007.28,Online Payment,Alice,INV100868,2023-05
2023-06-19,North,Electronic Gadgets,174,39.74,6914.89,4935.5,1979.39,Cash,Charlie,INV100869,2023-06
2023-06-26,North,Toys,34,63.39,2155.14,1400.43,754.71,Bank Transfer,Charlie,INV100870,2023-06
2023-06-25,North,Study products,20,79.18,1583.52,1052.49,531.03,Credit Card,Charlie,INV100871,2023-06
2023-05-24,South,Study products,132,86.73,11447.79,8300.84,3146.95,Bank Transfer,Charlie,INV100872,2023-05
2023-05-23,North,Electronic Gadgets,174,53.45,9301.02,7967.13,1333.89,Credit Card,Bob,INV100873,2023-05
2023-07-05,West,Electronic Gadgets,70,85.26,5968.07,4053.39,1914.68,Online Payment,Bob,INV100874,2023-07
2023-09-14,East,Kids wear,126,21.51,2710.44,2020.4,690.04,Online Payment,Charlie,INV100875,2023-09
2023-12-07,West,Kids wear,47,73.96,3476.32,3089.02,387.3,Credit Card,Bob,INV100876,2023-12
2023-06-29,East,Study products,174,36.51,6353.19,4308.87,2044.32,Online Payment,Alice,INV100877,2023-06
2023-01-05,North,Kids wear,46,81.66,3756.2,2658.91,1097.29,Cash,Alice,INV100878,2023-01
2023-06-17,East,Study products,165,80.36,13259.31,8084.57,5174.74,Cash,Alice,INV100879,2023-06
2023-07-23,East,Study products,103,89.84,9253.99,6819.82,2434.17,Cash,Diana,INV100880,2023-07
2023-08-07,West,Toys,197,79.78,15717.56,13914.29,1803.27,Credit Card,Charlie,INV100881,2023-08
2023-03-02,West,Study products,110,71.52,7867.7,6633.04,1234.66,Online Payment,Charlie,INV100882,2023-03
2023-11-17,North,Study products,74,54.0,3996.33,2621.47,1374.86,Online Payment,Bob,INV100883,2023-11
2023-02-28,West,Study products,170,50.86,8645.38,7364.68,1280.7,Online Payment,Charlie,INV100884,2023-02
2023-06-08,North,Kids wear,152,46.28,7033.94,5596.23,1437.71,Cash,Alice,INV100885,2023-06
2023-08-03,East,Toys,129,87.92,11341.78,9545.35,1796.43,Credit Card,Bob,INV100886,2023-08
2023-12-07,East,Kids wear,135,94.69,12783.51,9350.59,3432.92,Bank Transfer,Charlie,INV100887,2023-12
2023-06-08,West,Kids wear,148,94.83,14034.24,11584.34,2449.9,Bank Transfer,Alice,INV100888,2023-06
2023-06-02,South,Toys,98,69.4,6801.02,5174.77,1626.25,Bank Transfer,Charlie,INV100889,2023-06
2023-06-30,West,Toys,196,20.94,4104.91,2770.91,1334.0,Cash,Alice,INV100890,2023-06
2023-09-15,East,Electronic Gadgets,134,48.89,6550.68,5722.67,828.01,Online Payment,Diana,INV100891,2023-09
2023-05-04,West,Kids wear,131,39.99,5238.86,3698.39,1540.47,Cash,Bob,INV100892,2023-05
2023-11-21,North,Study products,48,89.02,4273.03,3438.13,834.9,Online Payment,Diana,INV100893,2023-11
2023-02-12,North,Toys,143,24.25,3467.51,2338.57,1128.94,Cash,Diana,INV100894,2023-02
2023-08-22,East,Study products,113,34.64,3913.93,3465.56,448.37,Online Payment,Charlie,INV100895,2023-08
2023-07-24,North,Kids wear,73,22.75,1660.9,1147.33,513.57,Bank Transfer,Alice,INV100896,2023-07
2023-09-16,East,Electronic Gadgets,151,66.11,9982.89,7928.0,2054.89,Credit Card,Alice,INV100897,2023-09
2023-09-25,East,Electronic Gadgets,103,98.63,10158.7,7269.95,2888.75,Online Payment,Bob,INV100898,2023-09
2023-07-14,South,Electronic Gadgets,23,48.38,1112.71,744.38,368.33,Online Payment,Diana,INV100899,2023-07
2023-04-24,East,Study products,36,57.54,2071.36,1547.84,523.52,Cash,Alice,INV100900,2023-04
2023-12-15,East,Kids wear,13,22.17,288.19,256.53,31.66,Cash,Bob,INV100901,2023-12
2023-07-28,North,Study products,196,60.66,11890.03,8243.87,3646.16,Cash,Charlie,INV100902,2023-07
2023-08-01,East,Kids wear,41,62.02,2542.97,2139.55,403.42,Cash,Diana,INV100903,2023-08
2023-08-13,North,Study products,178,21.48,3824.14,3084.36,739.78,Cash,Alice,INV100904,2023-08
2023-09-15,East,Electronic Gadgets,78,90.6,7067.1,5086.35,1980.75,Bank Transfer,Diana,INV100905,2023-09
2023-10-28,North,Toys,132,37.11,4898.43,3790.26,1108.17,Cash,Bob,INV100906,2023-10
2023-05-24,South,Toys,97,36.51,3541.07,2338.45,1202.62,Online Payment,Alice,INV100907,2023-05
2023-02-03,South,Study products,133,41.42,5508.76,4575.2,933.56,Online Payment,Bob,INV100908,2023-02
2023-03-27,West,Electronic Gadgets,96,61.03,5859.0,4872.2,986.8,Bank Transfer,Diana,INV100909,2023-03
2023-12-24,North,Study products,84,45.31,3806.37,2847.03,959.34,Credit Card,Diana,INV100910,2023-12
2023-06-18,South,Electronic Gadgets,50,81.49,4074.3,2905.12,1169.18,Cash,Alice,INV100911,2023-06
2023-12-08,West,Study products,30,43.5,1304.96,1064.3,240.66,Online Payment,Alice,INV100912,2023-12
2023-03-28,North,Toys,69,34.55,2384.22,1608.13,776.09,Bank Transfer,Alice,INV100913,2023-03
2023-08-15,South,Toys,39,34.08,1329.03,1113.29,215.74,Cash,Bob,INV100914,2023-08
2023-01-07,East,Study products,17,20.81,353.71,254.44,99.27,Cash,Bob,INV100915,2023-01
2023-02-16,North,Electronic Gadgets,83,75.26,6246.82,4810.1,1436.72,Online Payment,Diana,INV100916,2023-02
2023-06-08,South,Study products,37,54.25,2007.12,1545.04,462.08,Cash,Charlie,INV100917,2023-06
2023-03-20,South,Kids wear,60,82.37,4942.47,3827.03,1115.44,Online Payment,Diana,INV100918,2023-03
2023-03-06,East,Study products,197,99.63,19627.21,16368.15,3259.06,Bank Transfer,Bob,INV100919,2023-03
2023-04-10,South,Toys,177,55.03,9740.62,7935.92,1804.7,Bank Transfer,Alice,INV100920,2023-04
2023-11-25,North,Study products,133,91.94,12228.01,8512.02,3715.99,Online Payment,Charlie,INV100921,2023-11
2023-03-19,South,Kids wear,85,93.03,7907.22,4850.94,3056.28,Cash,Bob,INV100922,2023-03
2023-11-03,North,Electronic Gadgets,50,42.97,2148.64,1462.19,686.45,Bank Transfer,Bob,INV100923,2023-11
2023-04-02,North,Kids wear,128,37.3,4774.59,3769.26,1005.33,Credit Card,Diana,INV100924,2023-04
2023-08-12,West,Study products,104,54.89,5709.03,4879.71,829.32,Bank Transfer,Bob,INV100925,2023-08
2023-11-18,North,Study products,132,56.24,7423.19,5305.71,2117.48,Cash,Bob,INV100926,2023-11
2023-05-22,North,Kids wear,63,25.02,1575.98,1143.15,432.83,Bank Transfer,Bob,INV100927,2023-05
2023-08-28,West,Kids wear,190,27.48,5220.3,4639.01,581.29,Cash,Charlie,INV100928,2023-08
2023-05-25,East,Electronic Gadgets,28,86.89,2432.86,2184.59,248.27,Bank Transfer,Bob,INV100929,2023-05
2023-09-13,South,Toys,82,42.6,3492.92,2708.95,783.97,Bank Transfer,Bob,INV100930,2023-09
2023-02-11,North,Electronic Gadgets,134,93.4,12516.11,10715.9,1800.21,Online Payment,Diana,INV100931,2023-02
2023-11-29,South,Study products,150,53.8,8069.55,6455.94,1613.61,Online Payment,Alice,INV100932,2023-11
2023-05-25,East,Study products,133,47.68,6340.85,5662.97,677.88,Credit Card,Charlie,INV100933,2023-05
2023-02-26,South,Toys,137,96.73,13251.39,8940.87,4310.52,Cash,Charlie,INV100934,2023-02
2023-10-30,East,Toys,160,24.75,3959.82,2663.57,1296.25,Credit Card,Charlie,INV100935,2023-10
2023-02-16,West,Electronic Gadgets,78,65.31,5093.9,4279.67,814.23,Bank Transfer,Alice,INV100936,2023-02
2023-05-23,South,Electronic Gadgets,185,66.52,12306.88,10552.55,1754.33,Cash,Bob,INV100937,2023-05
2023-03-06,South,Kids wear,172,64.96,11173.24,9938.84,1234.4,Online Payment,Diana,INV100938,2023-03
2023-10-19,West,Electronic Gadgets,92,35.15,3233.46,1994.09,1239.37,Credit Card,Alice,INV100939,2023-10
2023-03-25,West,Toys,133,59.63,7931.41,5274.25,2657.16,Cash,Charlie,INV100940,2023-03
2023-03-21,South,Kids wear,170,70.53,11989.44,10269.86,1719.58,Online Payment,Charlie,INV100941,2023-03
2023-04-22,North,Study products,16,48.1,769.53,637.25,132.28,Credit Card,Charlie,INV100942,2023-04
2023-08-14,North,Kids wear,64,90.41,5786.03,5131.87,654.16,Credit Card,Diana,INV100943,2023-08
2023-09-25,East,Toys,120,25.31,3037.73,1834.3,1203.43,Credit Card,Bob,INV100944,2023-09
2023-01-10,West,Kids wear,67,94.5,6331.25,4504.59,1826.66,Cash,Alice,INV100945,2023-01
2023-12-02,North,Study products,39,59.71,2328.65,1535.31,793.34,Bank Transfer,Bob,INV100946,2023-12
2023-11-17,West,Study products,73,27.95,2040.7,1686.3,354.4,Online Payment,Bob,INV100947,2023-11
2023-05-29,West,Kids wear,135,47.92,6469.25,5587.43,881.82,Cash,Alice,INV100948,2023-05
2023-08-15,North,Toys,195,92.66,18067.9,13772.27,4295.63,Bank Transfer,Diana,INV100949,2023-08
2023-09-20,South,Study products,15,30.22,453.31,393.79,59.52,Credit Card,Charlie,INV100950,2023-09
2023-03-24,South,Electronic Gadgets,36,76.8,2764.65,1739.22,1025.43,Online Payment,Bob,INV100951,2023-03
2023-09-12,South,Study products,78,43.78,3414.5,3056.92,357.58,Credit Card,Diana,INV100952,2023-09
2023-07-08,East,Kids wear,173,68.93,11924.82,8811.32,3113.5,Online Payment,Bob,INV100953,2023-07
2023-08-19,South,Electronic Gadgets,57,38.42,2189.74,1377.6,812.14,Bank Transfer,Bob,INV100954,2023-08
2023-12-26,South,Toys,188,25.83,4855.37,3565.51,1289.86,Cash,Diana,INV100955,2023-12
2023-09-11,East,Study products,174,81.75,14224.53,11039.12,3185.41,Bank Transfer,Alice,INV100956,2023-09
2023-07-23,South,Kids wear,84,23.8,1999.42,1606.28,393.14,Bank Transfer,Charlie,INV100957,2023-07
2023-04-02,East,Study products,84,99.72,8376.38,7530.39,845.99,Online Payment,Alice,INV100958,2023-04
2023-09-24,North,Toys,97,92.75,8997.22,5838.86,3158.36,Online Payment,Diana,INV100959,2023-09
2023-01-10,West,Study products,117,65.05,7611.29,5488.58,2122.71,Cash,Bob,INV100960,2023-01
2023-02-10,East,Toys,153,40.06,6128.74,5203.97,924.77,Credit Card,Alice,INV100961,2023-02
2023-06-15,West,Study products,173,71.73,12408.97,10910.09,1498.88,Cash,Diana,INV100962,2023-06
2023-03-10,South,Electronic Gadgets,115,89.65,10310.24,8744.09,1566.15,Bank Transfer,Charlie,INV100963,2023-03
2023-03-21,East,Electronic Gadgets,133,46.31,6158.6,5238.64,919.96,Credit Card,Alice,INV100964,2023-03
2023-03-28,South,Study products,190,49.02,9314.21,7375.99,1938.22,Online Payment,Diana,INV100965,2023-03
2023-07-31,North,Electronic Gadgets,32,59.48,1903.51,1292.9,610.61,Bank Transfer,Charlie,INV100966,2023-07
2023-05-16,North,Kids wear,64,68.85,4406.12,3234.19,1171.93,Credit Card,Alice,INV100967,2023-05
2023-12-31,South,Electronic Gadgets,83,77.81,6458.32,4197.59,2260.73,Cash,Alice,INV100968,2023-12
2023-08-06,West,Kids wear,197,20.65,4068.49,3110.67,957.82,Cash,Diana,INV100969,2023-08
2023-04-14,South,Toys,136,33.13,4505.52,3126.37,1379.15,Credit Card,Alice,INV100970,2023-04
2023-06-16,North,Electronic Gadgets,185,57.84,10699.94,7080.96,3618.98,Cash,Alice,INV100971,2023-06
2023-09-05,North,Study products,67,40.81,2734.23,2081.7,652.53,Online Payment,Charlie,INV100972,2023-09
2023-11-20,West,Electronic Gadgets,83,59.99,4978.82,3222.25,1756.57,Credit Card,Diana,INV100973,2023-11
2023-10-13,East,Toys,167,99.94,16690.07,10743.69,5946.38,Online Payment,Alice,INV100974,2023-10
2023-01-15,West,Toys,155,63.77,9883.7,6609.21,3274.49,Cash,Bob,INV100975,2023-01
2023-01-07,West,Study products,26,33.61,873.97,749.5,124.47,Bank Transfer,Diana,INV100976,2023-01
2023-08-26,East,Study products,66,75.1,4956.55,4433.47,523.08,Online Payment,Diana,INV100977,2023-08
2023-11-04,East,Toys,26,38.71,1006.43,663.62,342.81,Bank Transfer,Bob,INV100978,2023-11
2023-12-27,East,Electronic Gadgets,11,26.15,287.6,209.9,77.7,Credit Card,Alice,INV100979,2023-12
2023-05-02,South,Kids wear,93,49.81,4631.98,3776.06,855.92,Credit Card,Diana,INV100980,2023-05
2023-07-25,South,Study products,109,66.86,7288.04,5256.28,2031.76,Credit Card,Diana,INV100981,2023-07
2023-11-06,South,Electronic Gadgets,185,45.23,8367.89,6735.24,1632.65,Bank Transfer,Alice,INV100982,2023-11
2023-04-21,North,Electronic Gadgets,55,69.91,3845.05,3256.69,588.36,Cash,Bob,INV100983,2023-04
2023-08-28,West,Kids wear,126,91.05,11472.85,7977.11,3495.74,Bank Transfer,Alice,INV100984,2023-08
2023-01-16,South,Toys,194,38.19,7409.56,6206.33,1203.23,Credit Card,Diana,INV100985,2023-01
2023-08-26,South,Electronic Gadgets,40,25.76,1030.2,720.78,309.42,Bank Transfer,Alice,INV100986,2023-08
2023-12-20,East,Electronic Gadgets,107,40.84,4370.33,3477.14,893.19,Credit Card,Alice,INV100987,2023-12
2023-08-21,South,Kids wear,90,36.9,3320.99,2112.83,1208.16,Cash,Charlie,INV100988,2023-08
2023-10-25,North,Kids wear,127,20.46,2598.81,2159.52,439.29,Bank Transfer,Bob,INV100989,2023-10
2023-08-05,West,Study products,50,34.23,1711.34,1097.11,614.23,Credit Card,Charlie,INV100990,2023-08
2023-08-13,West,Electronic Gadgets,66,56.1,3702.44,2282.81,1419.63,Cash,Diana,INV100991,2023-08
2023-12-19,South,Kids wear,140,33.92,4748.18,2874.69,1873.49,Bank Transfer,Charlie,INV100992,2023-12
2023-09-22,East,Kids wear,144,37.86,5451.52,4786.75,664.77,Online Payment,Alice,INV100993,2023-09
2023-12-07,South,Study products,29,37.73,1094.18,659.47,434.71,Bank Transfer,Charlie,INV100994,2023-12
2023-01-29,East,Toys,182,71.44,13002.62,10640.19,2362.43,Credit Card,Charlie,INV100995,2023-01
2023-10-01,South,Kids wear,171,21.23,3629.9,2654.41,975.49,Online Payment,Alice,INV100996,2023-10
2023-07-06,South,Study products,63,70.55,4444.95,2707.53,1737.42,Credit Card,Charlie,INV100997,2023-07
2023-10-03,North,Study products,182,99.61,18128.31,13327.76,4800.55,Online Payment,Charlie,INV100998,2023-10
2023-01-06,North,Study products,72,52.74,3797.16,3226.5,570.66,Credit Card,Bob,INV100999,2023-01
